address,suburb,state,postcode,full_address,price,sold date,type,bedrooms,bathrooms,car space,Land size,Building size,Year Built,rent,rent date,agent,lat,lng
30 Loftus Street,Nedlands,WA,6009,30 Loftus Street Nedlands WA 6009,"$1,540,000",Jul-21,House,3.0,1.0,2.0,696,,1945.0,,,Belinda Airey,-31.9778646,115.7928118
95 Broadway,Nedlands,WA,6009,95 Broadway Nedlands WA 6009,"$2,280,000",Jul-21,House,5.0,3.0,0.0,883,268.0,1923.0,$995pw,Sep-14,,-31.9827834,115.8142114
42 Kinninmont Avenue,Nedlands,WA,6009,42 Kinninmont Avenue Nedlands WA 6009,"$2,050,000",Jul-21,House,3.0,1.0,1.0,"1,012",186.0,1950.0,,,Jac Fear,-31.9776428,115.8049908
103/139 Broadway,Nedlands,WA,6009,103/139 Broadway Nedlands WA 6009,"$789,000",Jul-21,Apartment,2.0,2.0,2.0,,91.0,2020.0,,,,-31.9871316,115.8142114
15 Vincent Street,Nedlands,WA,6009,15 Vincent Street Nedlands WA 6009,"$1,960,000",Jul-21,House,3.0,2.0,2.0,996,,1940.0,$650pw,May-15,Simon Maynard,-31.9817459,115.7985894
19 Vincent Street,Nedlands,WA,6009,19 Vincent Street Nedlands WA 6009,"$1,960,000",Jul-21,House,2.0,1.0,1.0,996,,1936.0,,,Simon Maynard,-31.9820929,115.7986125
3/28 Stirling Highway,Nedlands,WA,6009,3/28 Stirling Highway Nedlands WA 6009,"$574,000",Jul-21,Apartment,2.0,2.0,1.0,98,98.0,1979.0,$580pw,Oct-15,Andy Thorpe,-31.9782863,115.8104797
50 Kanimbla Road,Nedlands,WA,6009,50 Kanimbla Road Nedlands WA 6009,"$1,000,000",Jun-21,House,3.0,2.0,2.0,297,90.0,1985.0,,,David Airey,-31.9742262,115.8157976
16 Williams Road,Nedlands,WA,6009,16 Williams Road Nedlands WA 6009,"$1,070,000",Jun-21,House,2.0,1.0,1.0,455,115.0,1936.0,$450pw,Aug-17,,-31.9720359,115.8095434
34 Bruce Street,Nedlands,WA,6009,34 Bruce Street Nedlands WA 6009,"$2,480,000",Jun-21,House,4.0,2.0,6.0,883,282.0,1938.0,,,Michelle Kerr,-31.9826149,115.8114614
29B Dalkeith Road,Nedlands,WA,6009,29B Dalkeith Road Nedlands WA 6009,"$1,100,000",Jun-21,House,3.0,2.0,4.0,312,186.0,1999.0,$900pw,Aug-13,Michelle Kerr,-31.9787328,115.8020327
1B Rockton Road,Nedlands,WA,6009,1B Rockton Road Nedlands WA 6009,"$1,175,000",May-21,House,3.0,2.0,1.0,317,146.0,1989.0,$750pw,Mar-20,,-31.9819076,115.7913111
135 Broadway,Nedlands,WA,6009,135 Broadway Nedlands WA 6009,"$2,375,000",May-21,House,3.0,1.0,2.0,880,115.0,1918.0,$330pw,Apr-20,Tony Cowan,-31.9867903,115.8142576
23 Meriwa Street,Nedlands,WA,6009,23 Meriwa Street Nedlands WA 6009,"$1,410,000",May-21,House,3.0,2.0,2.0,513,215.0,1950.0,$800pw,Dec-17,Michelle Kerr,-31.9729195,115.8100518
3/89-91 Stirling Highway,Nedlands,WA,6009,3/89-91 Stirling Highway Nedlands WA 6009,"$467,000",May-21,Apartment,2.0,1.0,1.0,87,87.0,1937.0,$495pw,Apr-21,Michelle Ralph,-31.97889,115.80332
36 Archdeacon Street,Nedlands,WA,6009,36 Archdeacon Street Nedlands WA 6009,"$2,980,000",Apr-21,House,5.0,3.0,2.0,809,375.0,1950.0,,,Michelle Kerr,-31.9819191,115.8103753
1/53 Stirling Highway,Nedlands,WA,6009,1/53 Stirling Highway Nedlands WA 6009,"$420,000",Apr-21,Apartment,2.0,1.0,1.0,84,84.0,1966.0,$370pw,Mar-20,Jac Fear,-31.9779168,115.8086549
4/14 Monash Avenue,Nedlands,WA,6009,4/14 Monash Avenue Nedlands WA 6009,"$615,000",Apr-21,Townhouse,3.0,1.0,1.0,104,109.0,1981.0,,,Marie Staniland,-31.970871,115.8164126
51 Stanley Street,Nedlands,WA,6009,51 Stanley Street Nedlands WA 6009,"$1,830,000",Apr-21,House,6.0,2.0,2.0,"1,012",256.0,1949.0,$920pw,Mar-18,,-31.9843093,115.8048059
2 Thomas Street,Nedlands,WA,6009,2 Thomas Street Nedlands WA 6009,"$1,850,000",Apr-21,House,3.0,2.0,2.0,"1,046",101.0,1945.0,,,Michelle Kerr,-31.9787993,115.8083417
7/59 Dalkeith Road,Nedlands,WA,6009,7/59 Dalkeith Road Nedlands WA 6009,"$620,000",Apr-21,Townhouse,3.0,1.0,1.0,93,93.0,1978.0,$390pw,Aug-20,Kate Gale,-31.9800931,115.8022618
88 Bruce Street,Nedlands,WA,6009,88 Bruce Street Nedlands WA 6009,"$1,530,000",Apr-21,House,3.0,3.0,2.0,342,180.0,1950.0,,,Michelle Kerr,-31.98993,115.81138
104 Williams Road,Nedlands,WA,6009,104 Williams Road Nedlands WA 6009,"$745,000",Mar-21,House,2.0,1.0,1.0,343,93.0,1945.0,$380pw,Feb-20,Alison Davies,-31.97729,115.80986
14 Karella Street,Nedlands,WA,6009,14 Karella Street Nedlands WA 6009,"$1,450,000",Mar-21,House,3.0,3.0,2.0,594,205.0,1965.0,,,Susan James,-31.9730945,115.8061001
14 Loch Street,Nedlands,WA,6009,14 Loch Street Nedlands WA 6009,"$950,000",Mar-21,House,2.0,1.0,1.0,696,130.0,1920.0,,,Stuart Paterson,-31.9766244,115.7916563
15/26 Broome Street,Nedlands,WA,6009,15/26 Broome Street Nedlands WA 6009,"$555,000",Mar-21,House,3.0,1.0,1.0,110,110.0,1976.0,$430pw,Sep-16,Peter Clements,-31.97934,115.79901
66 Bruce Street,Nedlands,WA,6009,66 Bruce Street Nedlands WA 6009,"$2,250,000",Mar-21,House,6.0,3.0,2.0,880,403.0,1930.0,,,,-31.98569939999999,115.811369
2/16 Monash Avenue,Nedlands,WA,6009,2/16 Monash Avenue Nedlands WA 6009,"$615,000",Mar-21,Townhouse,3.0,1.0,1.0,107,107.0,1981.0,$495pw,Oct-15,,-31.97087,115.81617
16 Mountjoy Road,Nedlands,WA,6009,16 Mountjoy Road Nedlands WA 6009,"$2,416,000",Mar-21,House,4.0,2.0,2.0,"1,012",210.0,1960.0,,,Mitra Roshan,-31.9811875,115.8017323
35 Langham Street,Nedlands,WA,6009,35 Langham Street Nedlands WA 6009,"$1,780,000",Feb-21,House,4.0,2.0,2.0,908,220.0,1929.0,,,Michelle Kerr,-31.97653589999999,115.8066547
45 Webster Street,Nedlands,WA,6009,45 Webster Street Nedlands WA 6009,"$2,928,888",Feb-21,House,5.0,3.0,2.0,"1,012",379.0,1935.0,"$1,900pw",May-19,James Thompson,-31.9833499,115.806077
37a Cooper Street,Nedlands,WA,6009,37a Cooper Street Nedlands WA 6009,"$865,000",Feb-21,House,3.0,2.0,1.0,,102.0,1930.0,,,,-31.97851,115.8113
8 Taylor Road,Nedlands,WA,6009,8 Taylor Road Nedlands WA 6009,"$1,850,000",Jan-21,House,2.0,1.0,0.0,923,,1923.0,,,,-31.9817557,115.7954926
33 Martin Avenue,Nedlands,WA,6009,33 Martin Avenue Nedlands WA 6009,"$1,650,000",Jan-21,House,3.0,1.0,2.0,"1,012",,1925.0,,,Michelle Kerr,-31.97902999999999,115.7996524
"Lot 4, 27 Baird Avenue",Nedlands,WA,6009,"Lot 4, 27 Baird Avenue Nedlands WA 6009","$530,000",Jan-21,Land,,,,230,,,,,,-31.9785318,115.8009928
45 Viewway,Nedlands,WA,6009,45 Viewway Nedlands WA 6009,"$1,900,000",Jan-21,House,4.0,2.0,2.0,880,227.0,1937.0,,,Michelle Kerr,-31.9855118,115.8119467
25 Elizabeth Street,Nedlands,WA,6009,25 Elizabeth Street Nedlands WA 6009,"$2,200,000",Jan-21,House,4.0,2.0,4.0,809,280.0,1950.0,,,Michelle Kerr,-31.9834966,115.8094047
10 Taylor Road,Nedlands,WA,6009,10 Taylor Road Nedlands WA 6009,"$1,750,000",Jan-21,House,4.0,2.0,2.0,923,,1987.0,,,,-31.981927,115.7955619
12 Taylor Road,Nedlands,WA,6009,12 Taylor Road Nedlands WA 6009,"$1,750,000",Jan-21,House,5.0,2.0,1.0,923,,1977.0,,,,-31.9820927,115.7955619
31 Napier Street,Nedlands,WA,6009,31 Napier Street Nedlands WA 6009,"$2,350,000",Jan-21,House,4.0,2.0,2.0,696,317.0,2012.0,$850pw,Oct-08,,-31.9780385,115.7932509
43 Viewway,Nedlands,WA,6009,43 Viewway Nedlands WA 6009,"$1,680,000",Dec-20,House,4.0,2.0,2.0,880,170.0,1975.0,$800pw,Jan-09,Michelle Kerr,-31.9853361,115.8119929
61 Meriwa Street,Nedlands,WA,6009,61 Meriwa Street Nedlands WA 6009,"$1,155,000",Dec-20,House,2.0,1.0,1.0,456,98.0,1945.0,$550pw,Mar-19,,-31.9753317,115.8100055
1/28 Stirling Highway,Nedlands,WA,6009,1/28 Stirling Highway Nedlands WA 6009,"$720,000",Dec-20,House,4.0,2.0,1.0,109,109.0,1979.0,,,Peter Clements,-31.9784269,115.8102127
81 Mountjoy Road,Nedlands,WA,6009,81 Mountjoy Road Nedlands WA 6009,"$2,750,000",Dec-20,House,4.0,3.0,1.0,"1,013",395.0,2012.0,$500pw,Nov-10,,-31.9875547,115.8009235
31 Waroonga Road,Nedlands,WA,6009,31 Waroonga Road Nedlands WA 6009,"$1,840,000",Dec-20,House,3.0,2.0,4.0,923,147.0,1939.0,$950pw,Dec-20,,-31.9848058,115.7926038
15 Dalkeith Road,Nedlands,WA,6009,15 Dalkeith Road Nedlands WA 6009,"$1,900,000",Nov-20,House,4.0,2.0,2.0,"1,012",238.0,2011.0,,,,-31.9771739,115.802287
100A Smyth Road,Nedlands,WA,6009,100A Smyth Road Nedlands WA 6009,"$585,000",Nov-20,Land,,,,307,,,,,Mitra Roshan,-31.9770448,115.8061232
46 Rockton Road,Nedlands,WA,6009,46 Rockton Road Nedlands WA 6009,"$1,628,000",Nov-20,House,4.0,1.0,6.0,923,220.0,1967.0,,,Ken Baker,-31.9856918,115.7919567
8/111 Stirling Highway,Nedlands,WA,6009,8/111 Stirling Highway Nedlands WA 6009,"$470,000",Nov-20,House,3.0,1.0,1.0,73,73.0,1979.0,$400pw,Apr-17,,-31.97934,115.80057
36 Webster Street,Nedlands,WA,6009,36 Webster Street Nedlands WA 6009,"$1,840,000",Nov-20,House,4.0,1.0,1.0,"1,012",133.0,1933.0,,,,-31.9823139,115.8067471
4/2a Marita Road,Nedlands,WA,6009,4/2a Marita Road Nedlands WA 6009,"$550,000",Nov-20,Townhouse,2.0,1.0,1.0,83,77.0,1965.0,$625pw,Dec-19,Paul Owen,-31.9808366,115.7967505
17 Kinninmont Avenue,Nedlands,WA,6009,17 Kinninmont Avenue Nedlands WA 6009,"$1,490,000",Nov-20,House,3.0,2.0,1.0,"1,034",134.0,1937.0,,,,-31.9747242,115.8044131
9/192 Hampden Road,Nedlands,WA,6009,9/192 Hampden Road Nedlands WA 6009,"$512,000",Nov-20,Townhouse,3.0,2.0,2.0,152,108.0,1999.0,$400pw,Aug-17,,-31.973727,115.8138647
25B Dalkeith Road,Nedlands,WA,6009,25B Dalkeith Road Nedlands WA 6009,"$1,750,000",Nov-20,House,3.0,2.0,2.0,327,80.0,1965.0,,,,-31.97839,115.80222
25A Dalkeith Road,Nedlands,WA,6009,25A Dalkeith Road Nedlands WA 6009,"$1,750,000",Nov-20,House,3.0,2.0,2.0,393,94.0,1965.0,$500pw,Aug-14,,-31.97839,115.80222
4/61 Stirling Highway,Nedlands,WA,6009,4/61 Stirling Highway Nedlands WA 6009,"$325,000",Nov-20,Unit,2.0,1.0,0.0,98,90.0,1967.0,$400pw,Nov-20,,-31.9780789,115.8074635
39 Marita Road,Nedlands,WA,6009,39 Marita Road Nedlands WA 6009,"$1,610,000",Nov-20,House,3.0,2.0,2.0,923,137.0,1959.0,$825pw,Nov-20,,-31.9849799,115.7960935
65 Mountjoy Road,Nedlands,WA,6009,65 Mountjoy Road Nedlands WA 6009,"$2,799,000",Nov-20,House,5.0,5.0,2.0,"1,012",384.0,1937.0,,,,-31.9859038,115.8009928
"Lot 2, 27 Baird Avenue",Nedlands,WA,6009,"Lot 2, 27 Baird Avenue Nedlands WA 6009","$530,000",Oct-20,Land,,,,194,,,,,,-31.9785318,115.8009928
73 Smyth Road,Nedlands,WA,6009,73 Smyth Road Nedlands WA 6009,"$1,360,000",Oct-20,House,3.0,2.0,1.0,"1,041",195.0,1954.0,$650pw,Apr-19,Mitra Roshan,-31.9745403,115.8055454
3/50 Ord Street,Nedlands,WA,6009,3/50 Ord Street Nedlands WA 6009,"$1,060,000",Oct-20,House,3.0,2.0,2.0,,,,,,,-31.9792581,115.7951691
95 Smyth Road,Nedlands,WA,6009,95 Smyth Road Nedlands WA 6009,"$1,620,000",Oct-20,House,3.0,2.0,2.0,"1,020",188.0,1925.0,,,,-31.9773924,115.8054761
8/35 Esplanade,Nedlands,WA,6009,8/35 Esplanade Nedlands WA 6009,"$1,290,000",Oct-20,Apartment,3.0,2.0,2.0,211,146.0,2008.0,,,,-31.9892903,115.8158059
23B Bulimba Road,Nedlands,WA,6009,23B Bulimba Road Nedlands WA 6009,"$1,058,000",Oct-20,House,3.0,2.0,2.0,519,180.0,1958.0,,,Murray Peter,-31.98373,115.79368
37 Kinninmont Avenue,Nedlands,WA,6009,37 Kinninmont Avenue Nedlands WA 6009,"$1,750,000",Oct-20,Land,4.0,2.0,,1012,,1964.0,,,,-31.9771678,115.8044131
2/35 Esplanade,Nedlands,WA,6009,2/35 Esplanade Nedlands WA 6009,"$1,600,000",Oct-20,Apartment,2.0,2.0,2.0,222,140.0,2008.0,"$1,350pw",Feb-21,,-31.9892903,115.8158059
48 Doonan Road,Nedlands,WA,6009,48 Doonan Road Nedlands WA 6009,"$1,650,000",Oct-20,House,3.0,2.0,3.0,997,242.0,1950.0,$575pw,Jul-19,,-31.98504969999999,115.7979654
1/3 VIncent Street,Nedlands,WA,6009,1/3 VIncent Street Nedlands WA 6009,"$510,000",Oct-20,Townhouse,2.0,1.0,1.0,69,69.0,1979.0,$385pw,Oct-09,,-31.9805,115.79824
19/28 Stirling Highway,Nedlands,WA,6009,19/28 Stirling Highway Nedlands WA 6009,"$515,000",Sep-20,Townhouse,2.0,1.0,1.0,102,90.0,1979.0,$400pw,Jul-16,,-31.9782863,115.8104797
29 Portland Street,Nedlands,WA,6009,29 Portland Street Nedlands WA 6009,"$1,635,000",Sep-20,House,3.0,1.0,2.0,907,181.0,1936.0,$750pw,Feb-19,,-31.9758036,115.8078333
81 Vincent Street,Nedlands,WA,6009,81 Vincent Street Nedlands WA 6009,"$1,730,000",Aug-20,House,4.0,2.0,2.0,"1,165",195.0,1939.0,,,,-31.9881595,115.79852
2/26 Broome Street,Nedlands,WA,6009,2/26 Broome Street Nedlands WA 6009,"$430,000",Aug-20,Townhouse,2.0,1.0,1.0,82,64.0,1976.0,,,,-31.97934,115.79901
2/63 Stirling Highway,Nedlands,WA,6009,2/63 Stirling Highway Nedlands WA 6009,"$430,000",Aug-20,Townhouse,2.0,1.0,0.0,88,70.0,1949.0,$350pw,Sep-18,,-31.98206159999999,115.7851975
40 Boronia Avenue,Nedlands,WA,6009,40 Boronia Avenue Nedlands WA 6009,"$1,820,000",Aug-20,House,5.0,3.0,6.0,"1,013",248.0,1938.0,"$1,200pw",Oct-20,,-31.9774495,115.803974
20 Webster Street,Nedlands,WA,6009,20 Webster Street Nedlands WA 6009,"$1,900,000",Aug-20,House,3.0,1.0,2.0,"1,012",,1933.0,,,,-31.9806416,115.806724
22/35 Esplanade,Nedlands,WA,6009,22/35 Esplanade Nedlands WA 6009,"$2,400,000",Jul-20,Apartment,3.0,4.0,2.0,240,179.0,2008.0,,,,-31.9892903,115.8158059
70 Viewway,Nedlands,WA,6009,70 Viewway Nedlands WA 6009,"$1,635,000",Jul-20,House,3.0,2.0,2.0,911,,1971.0,$960pw,Sep-20,,-31.9878283,115.811577
39 Tyrell Street,Nedlands,WA,6009,39 Tyrell Street Nedlands WA 6009,"$1,900,000",Jul-20,House,5.0,3.0,2.0,"1,012",285.0,1930.0,,,,-31.9828434,115.8085034
10/26 Broome Street,Nedlands,WA,6009,10/26 Broome Street Nedlands WA 6009,"$520,000",Jul-20,Townhouse,3.0,1.0,2.0,110,110.0,1976.0,$440pw,May-19,,-31.97934,115.79901
51 Florence Road,Nedlands,WA,6009,51 Florence Road Nedlands WA 6009,"$1,625,000",Jul-20,House,4.0,2.0,2.0,"1,012",215.0,1950.0,$950pw,Jul-20,,-31.9849845,115.8036042
22 Ord Street,Nedlands,WA,6009,22 Ord Street Nedlands WA 6009,"$1,722,500",Jun-20,House,5.0,3.0,3.0,696,289.0,2019.0,"$1,300pw",May-20,,-31.9772286,115.7951691
70 Vincent Street,Nedlands,WA,6009,70 Vincent Street Nedlands WA 6009,"$2,720,000",Jun-20,House,5.0,3.0,2.0,"1,133",436.0,2015.0,,,,-31.987522,115.7991671
105/30 The Avenue,Nedlands,WA,6009,105/30 The Avenue Nedlands WA 6009,"$920,000",Jun-20,Apartment,2.0,3.0,2.0,181,121.0,2009.0,$850pw,Mar-20,Cheryl Stewart,-31.988934,115.8151588
22 Kingston Street,Nedlands,WA,6009,22 Kingston Street Nedlands WA 6009,"$2,150,000",Jun-20,House,4.0,2.0,4.0,"1,277",355.0,1977.0,"$1,800pw",Mar-20,,-31.9670778,115.8135874
16 Viewway,Nedlands,WA,6009,16 Viewway Nedlands WA 6009,"$1,500,000",Jun-20,House,4.0,2.0,2.0,880,171.0,1972.0,$625pw,Apr-20,,-31.982441,115.8125475
3/29 The Avenue,Nedlands,WA,6009,3/29 The Avenue Nedlands WA 6009,"$875,000",May-20,Townhouse,2.0,2.0,2.0,158,131.0,2002.0,,,,-31.9884106,115.814939
20 Kingsway,Nedlands,WA,6009,20 Kingsway Nedlands WA 6009,"$1,800,000",May-20,House,4.0,1.0,1.0,880,177.0,1950.0,$850pw,Aug-14,,-31.9822827,115.8136568
47 Bulimba Road,Nedlands,WA,6009,47 Bulimba Road Nedlands WA 6009,"$2,100,000",May-20,House,4.0,2.0,6.0,923,246.0,1939.0,"$1,350pw",Jul-15,,-31.986113,115.7937362
10/28 Stirling Highway,Nedlands,WA,6009,10/28 Stirling Highway Nedlands WA 6009,"$415,000",May-20,Unit,2.0,1.0,1.0,101,101.0,1979.0,,,,-31.9782863,115.8104797
104 Tyrell Street,Nedlands,WA,6009,104 Tyrell Street Nedlands WA 6009,"$1,700,000",May-20,House,6.0,3.0,2.0,834,,1955.0,,,,-31.9889103,115.809266
55 Kingsway,Nedlands,WA,6009,55 Kingsway Nedlands WA 6009,"$1,975,000",May-20,House,3.0,2.0,2.0,875,262.0,1999.0,,,,-31.9867829,115.8131484
66 Louise Street,Nedlands,WA,6009,66 Louise Street Nedlands WA 6009,"$2,100,000",Apr-20,House,4.0,3.0,2.0,"1,012",377.0,2007.0,"$2,000pw",Feb-11,,-31.9859157,115.8004613
62 Williams Road,Nedlands,WA,6009,62 Williams Road Nedlands WA 6009,"$1,205,000",Apr-20,House,4.0,3.0,1.0,455,203.0,1937.0,$800pw,Nov-17,,-31.9748836,115.8095896
24/35 Esplanade,Nedlands,WA,6009,24/35 Esplanade Nedlands WA 6009,"$3,250,000",Apr-20,Apartment,3.0,3.0,3.0,265,184.0,2008.0,"$1,900pw",Apr-19,,-31.9892903,115.8158059
18 Webster Street,Nedlands,WA,6009,18 Webster Street Nedlands WA 6009,"$1,970,000",Apr-20,House,4.0,3.0,2.0,"1,012",212.0,1950.0,,,,-31.980476,115.806724
52 The Avenue,Nedlands,WA,6009,52 The Avenue Nedlands WA 6009,"$2,600,000",Apr-20,House,4.0,3.0,2.0,683,322.0,2012.0,"$2,300pw",Dec-17,,-31.9904005,115.8138416
97 Smyth Road,Nedlands,WA,6009,97 Smyth Road Nedlands WA 6009,"$1,600,000",Apr-20,House,4.0,2.0,1.0,"1,012",217.0,1932.0,$650pw,Feb-21,,-31.9776052,115.8055454
6 Baird Avenue,Nedlands,WA,6009,6 Baird Avenue Nedlands WA 6009,"$2,300,000",Mar-20,House,3.0,3.0,2.0,"1,012",257.0,2019.0,,,,-31.9763205,115.8016399
2/24 Tareena Street,Nedlands,WA,6009,2/24 Tareena Street Nedlands WA 6009,"$600,000",Mar-20,Townhouse,3.0,1.0,1.0,109,116.0,1984.0,$500pw,Nov-10,,-31.97278,115.81485
67 Dalkeith Road,Nedlands,WA,6009,67 Dalkeith Road Nedlands WA 6009,"$1,615,000",Mar-20,House,4.0,2.0,2.0,"1,012",220.0,1950.0,,,,-31.9810558,115.8021483
6 Bedford Street,Nedlands,WA,6009,6 Bedford Street Nedlands WA 6009,"$1,520,000",Mar-20,House,3.0,1.0,2.0,"1,012",,1936.0,$520pw,Jan-20,Amanda Gray,-31.9779897,115.8019634
27 Edward Street,Nedlands,WA,6009,27 Edward Street Nedlands WA 6009,"$2,350,000",Mar-20,House,5.0,3.0,3.0,964,409.0,2006.0,,,,-31.9805586,115.8112996
22 Edward Street,Nedlands,WA,6009,22 Edward Street Nedlands WA 6009,"$1,720,000",Feb-20,House,4.0,3.0,4.0,809,143.0,1940.0,,,,-31.9809765,115.8118543
21 Viewway,Nedlands,WA,6009,21 Viewway Nedlands WA 6009,"$1,775,000",Feb-20,House,5.0,2.0,2.0,880,365.0,1989.0,,,,-31.983177,115.8119236
93 Stanley Street,Nedlands,WA,6009,93 Stanley Street Nedlands WA 6009,"$2,775,000",Feb-20,House,3.0,2.0,6.0,"1,012",296.0,2010.0,,,,-31.9882649,115.8048984
30 DOONAN ROAD,Nedlands,WA,6009,30 DOONAN ROAD Nedlands WA 6009,"$2,000,000",Feb-20,House,4.0,2.0,2.0,994,287.0,1935.0,"$1,300pw",May-19,,-31.9834131,115.797873
89 Clifton Street,Nedlands,WA,6009,89 Clifton Street Nedlands WA 6009,"$1,050,000",Feb-20,House,3.0,1.0,1.0,468,124.0,1945.0,,,,-31.9765929,115.8112534
82 Webster Street,Nedlands,WA,6009,82 Webster Street Nedlands WA 6009,"$2,700,000",Feb-20,House,4.0,2.0,2.0,"1,012",356.0,1935.0,"$1,150pw",Nov-08,,-31.9868493,115.8068396
12 Napier Street,Nedlands,WA,6009,12 Napier Street Nedlands WA 6009,"$1,200,000",Feb-20,House,4.0,2.0,2.0,696,178.0,1920.0,,,,-31.9765168,115.7940598
24 Clark Street,Nedlands,WA,6009,24 Clark Street Nedlands WA 6009,"$1,820,000",Feb-20,House,2.0,1.0,1.0,911,100.0,1926.0,$400pw,Dec-19,,-31.97989339999999,115.8124551
5/111 Stirling Highway,Nedlands,WA,6009,5/111 Stirling Highway Nedlands WA 6009,"$460,000",Feb-20,Townhouse,2.0,1.0,2.0,72,72.0,1979.0,$350pw,Nov-16,,-31.97934,115.80057
1/26 Broome Street,Nedlands,WA,6009,1/26 Broome Street Nedlands WA 6009,"$490,000",Feb-20,Townhouse,2.0,1.0,4.0,65,65.0,1980.0,,,,-31.97934,115.79901
32 Kinninmont Avenue,Nedlands,WA,6009,32 Kinninmont Avenue Nedlands WA 6009,"$2,350,000",Jan-20,House,5.0,3.0,2.0,"1,012",291.0,1952.0,,,,-31.9764631,115.8050832
82 Bruce Street,Nedlands,WA,6009,82 Bruce Street Nedlands WA 6009,"$1,325,000",Jan-20,House,3.0,2.0,2.0,885,141.0,1970.0,,,,-31.9893392,115.8114845
44 Bulimba Road,Nedlands,WA,6009,44 Bulimba Road Nedlands WA 6009,"$2,225,000",Jan-20,House,5.0,3.0,2.0,923,289.0,1940.0,,,,-31.9857754,115.7943371
27 Megalong Street,Nedlands,WA,6009,27 Megalong Street Nedlands WA 6009,"$1,050,000",Jan-20,House,3.0,1.0,4.0,491,119.0,1916.0,$550pw,Jan-20,,-31.973056,115.816476
2B Bulimba Road,Nedlands,WA,6009,2B Bulimba Road Nedlands WA 6009,"$830,000",Jan-20,House,2.0,1.0,1.0,124,124.0,1985.0,,,,-31.98155,115.79438
1 Betty Street,Nedlands,WA,6009,1 Betty Street Nedlands WA 6009,"$1,420,000",Jan-20,House,3.0,1.0,1.0,799,138.0,1946.0,,,,-31.98668,115.79624
26 Waroonga Road,Nedlands,WA,6009,26 Waroonga Road Nedlands WA 6009,"$2,300,000",Jan-20,House,6.0,4.0,2.0,923,209.0,1905.0,,,,-31.98412119999999,115.7931816
145 Dalkeith Road,Nedlands,WA,6009,145 Dalkeith Road Nedlands WA 6009,"$1,990,050",Jan-20,House,4.0,3.0,1.0,"1,153",245.0,1939.0,,,,-31.9884959,115.8023101
43 Mountjoy Road,Nedlands,WA,6009,43 Mountjoy Road Nedlands WA 6009,"$1,650,000",Jan-20,House,4.0,2.0,2.0,"1,012",312.0,1960.0,,,,-31.9839573,115.8009928
96 Smyth Road,Nedlands,WA,6009,96 Smyth Road Nedlands WA 6009,"$1,690,000",Dec-19,House,4.0,3.0,2.0,908,267.0,1930.0,"$1,550pw",Feb-18,,-31.9766821,115.806077
20 Cooper Street,Nedlands,WA,6009,20 Cooper Street Nedlands WA 6009,"$1,620,000",Dec-19,House,3.0,1.0,2.0,911,,1926.0,$700pw,Nov-20,,-31.97872629999999,115.8128711
58 The Avenue,Nedlands,WA,6009,58 The Avenue Nedlands WA 6009,"$4,500,000",Dec-19,House,5.0,4.0,4.0,"1,045",489.0,2008.0,,,,-31.9908749,115.8135643
92 Smyth Road,Nedlands,WA,6009,92 Smyth Road Nedlands WA 6009,"$1,700,000",Dec-19,House,3.0,1.0,1.0,908,,1946.0,,,,-31.976325,115.8061001
100 Smyth Road,Nedlands,WA,6009,100 Smyth Road Nedlands WA 6009,"$1,495,000",Dec-19,House,4.0,3.0,2.0,601,234.0,1930.0,,,,-31.9770448,115.8061232
46 Mountjoy Road,Nedlands,WA,6009,46 Mountjoy Road Nedlands WA 6009,"$2,020,000",Dec-19,House,4.0,3.0,2.0,"1,012",273.0,1950.0,,,,-31.98416379999999,115.801663
45 Napier Street,Nedlands,WA,6009,45 Napier Street Nedlands WA 6009,"$1,110,000",Dec-19,House,4.0,2.0,2.0,696,188.0,1981.0,,,,-31.9789924,115.7934358
5/63 Stirling Highway,Nedlands,WA,6009,5/63 Stirling Highway Nedlands WA 6009,"$450,000",Nov-19,Unit,2.0,1.0,0.0,84,84.0,1949.0,$375pw,Jul-20,,-31.97815,115.80716
6/192 Hampden Road,Nedlands,WA,6009,6/192 Hampden Road Nedlands WA 6009,"$535,000",Nov-19,Townhouse,3.0,2.0,2.0,164,118.0,1999.0,$595pw,May-10,,-31.973727,115.8138647
1/36 Megalong Street,Nedlands,WA,6009,1/36 Megalong Street Nedlands WA 6009,"$680,000",Nov-19,Townhouse,3.0,1.0,2.0,122,122.0,1981.0,$700pw,Jun-13,,-31.973437,115.8168578
11 Leura Street,Nedlands,WA,6009,11 Leura Street Nedlands WA 6009,"$1,070,000",Nov-19,House,3.0,2.0,3.0,455,156.0,1982.0,,,,-31.9722606,115.8121316
1 Elizabeth Street,Nedlands,WA,6009,1 Elizabeth Street Nedlands WA 6009,"$1,315,000",Nov-19,House,3.0,3.0,4.0,331,241.0,2002.0,,,,-31.9835254,115.8141937
74 The Avenue,Nedlands,WA,6009,74 The Avenue Nedlands WA 6009,"$4,950,000",Oct-19,House,5.0,6.0,4.0,"15,156,365",984.0,2021.0,,,,-31.9923783,115.8123627
49 Tyrell Street,Nedlands,WA,6009,49 Tyrell Street Nedlands WA 6009,"$2,450,000",Oct-19,House,6.0,5.0,4.0,"1,012",394.0,1991.0,,,,-31.98391,115.80862
96 Kingsway,Nedlands,WA,6009,96 Kingsway Nedlands WA 6009,"$2,240,000",Oct-19,House,2.0,3.0,2.0,722,333.0,2016.0,,,,-31.9889803,115.8119929
98 Smyth Road,Nedlands,WA,6009,98 Smyth Road Nedlands WA 6009,"$1,655,000",Oct-19,House,4.0,2.0,4.0,908,165.0,1939.0,,,,-31.9768477,115.806077
39 Robinson Street,Nedlands,WA,6009,39 Robinson Street Nedlands WA 6009,"$1,105,000",Sep-19,House,4.0,2.0,2.0,696,,1976.0,,,,-31.9785992,115.7957237
4/53 Stirling Highway,Nedlands,WA,6009,4/53 Stirling Highway Nedlands WA 6009,"$415,000",Sep-19,Townhouse,2.0,1.0,1.0,84,84.0,1966.0,,,Shellabears - Cottesloe,-31.9779168,115.8086549
20 Hillway,Nedlands,WA,6009,20 Hillway Nedlands WA 6009,"$1,750,000",Sep-19,House,3.0,2.0,2.0,"1,012",304.0,1981.0,$875pw,Sep-19,,-31.9895147,115.8129635
5/1 Park Road,Nedlands,WA,6009,5/1 Park Road Nedlands WA 6009,"$715,000",Sep-19,Townhouse,3.0,2.0,2.0,123,119.0,2006.0,$650pw,Jul-12,Shellabears - Cottesloe,-31.97374619999999,115.8174928
18 Doonan Road,Nedlands,WA,6009,18 Doonan Road Nedlands WA 6009,"$2,000,000",Sep-19,House,3.0,3.0,2.0,195,,2021.0,,,,-31.9822692,115.7978961
40 Dalkeith Road,Nedlands,WA,6009,40 Dalkeith Road Nedlands WA 6009,"$1,635,000",Aug-19,House,3.0,2.0,5.0,"1,013",152.0,1925.0,,,,-31.9773647,115.802934
20 Lupin Hill Grove,Nedlands,WA,6009,20 Lupin Hill Grove Nedlands WA 6009,"$1,600,000",Aug-19,House,4.0,3.0,2.0,232,203.0,2008.0,,,,-31.9658457,115.8067702
12/3 Vincent Street,Nedlands,WA,6009,12/3 Vincent Street Nedlands WA 6009,"$440,000",Aug-19,Townhouse,2.0,1.0,1.0,68,68.0,1979.0,,,Carmen Tutor,-31.9805,115.79824
19 Louise Street,Nedlands,WA,6009,19 Louise Street Nedlands WA 6009,"$2,400,000",Aug-19,House,5.0,2.0,2.0,"1,015",,1946.0,$850pw,Jun-20,,-31.9818677,115.7997449
32 Louise Street,Nedlands,WA,6009,32 Louise Street Nedlands WA 6009,"$1,660,000",Aug-19,House,4.0,2.0,1.0,"1,012",280.0,1980.0,"$1,000pw",Nov-14,,-31.9828353,115.8004382
25 Louise Street,Nedlands,WA,6009,25 Louise Street Nedlands WA 6009,"$2,160,000",Aug-19,House,4.0,3.0,2.0,"1,012",282.0,1935.0,,,,-31.9826803,115.7997218
2C Kanimbla Road,Nedlands,WA,6009,2C Kanimbla Road Nedlands WA 6009,"$576,000",Jul-19,Townhouse,3.0,1.0,2.0,116,117.0,1977.0,$560pw,Jul-19,,-31.9720696,115.8158258
8/7 Taylor Road,Nedlands,WA,6009,8/7 Taylor Road Nedlands WA 6009,"$441,000",Jul-19,Apartment,2.0,1.0,1.0,93,74.0,1973.0,$460pw,Feb-13,Dan Hegney Property Group,-31.9821001,115.7948947
20 Dalkeith Road,Nedlands,WA,6009,20 Dalkeith Road Nedlands WA 6009,"$1,400,000",Jul-19,House,3.0,2.0,2.0,"1,037",138.0,1947.0,,,Gordon Davies Real Estate - DALKEITH,-31.9749626,115.802934
42 Mountjoy Road,Nedlands,WA,6009,42 Mountjoy Road Nedlands WA 6009,"$1,700,000",Jul-19,House,4.0,3.0,4.0,"1,012",210.0,1950.0,,,,-31.9838202,115.801903
2 Louise Street,Nedlands,WA,6009,2 Louise Street Nedlands WA 6009,"$1,145,000",Jul-19,House,3.0,2.0,2.0,340,195.0,1995.0,,,Airey Real Estate,-31.980241,115.8004316
91 Melvista Avenue,Nedlands,WA,6009,91 Melvista Avenue Nedlands WA 6009,"$1,730,000",Jul-19,House,3.0,2.0,2.0,999,,1938.0,,,,-31.9886396,115.7998373
33 Mountjoy Road,Nedlands,WA,6009,33 Mountjoy Road Nedlands WA 6009,"$1,735,000",Jul-19,House,4.0,2.0,2.0,"1,012",,1990.0,,,,-31.9830048,115.8009928
44 Hillway,Nedlands,WA,6009,44 Hillway Nedlands WA 6009,"$2,150,000",Jul-19,House,4.0,3.0,4.0,979,339.0,2015.0,"$1,750pw",May-19,,-31.9912127,115.8114383
27 Clark Street,Nedlands,WA,6009,27 Clark Street Nedlands WA 6009,"$735,000",Jul-19,House,2.0,1.0,3.0,118,118.0,1939.0,$350pw,Aug-17,Kempton Azzopardi - Nedlands,-31.97934,115.81237
22 Vincent Street,Nedlands,WA,6009,22 Vincent Street Nedlands WA 6009,"$1,900,000",Jun-19,House,4.0,2.0,1.0,1014,,2021.0,,,,-31.9822881,115.799144
21 Vincent Street,Nedlands,WA,6009,21 Vincent Street Nedlands WA 6009,"$2,060,000",Jun-19,House,3.0,2.0,2.0,994,211.0,1955.0,,,,-31.98225849999999,115.7986125
103 Smyth Road,Nedlands,WA,6009,103 Smyth Road Nedlands WA 6009,"$1,025,000",Jun-19,House,3.0,2.0,2.0,235,198.0,2017.0,,,Burswood Peninsula Real Estate - BURSWOOD,-31.9782777,115.8055502
50 Ord Street,Nedlands,WA,6009,50 Ord Street Nedlands WA 6009,"$1,100,000",Jun-19,House,3.0,2.0,2.0,696,203.0,2020.0,,,,-31.9792581,115.7951691
29 Vincent Street,Nedlands,WA,6009,29 Vincent Street Nedlands WA 6009,"$1,875,000",Jun-19,House,4.0,3.0,2.0,997,240.0,1950.0,"$1,450pw",May-19,GRAY & CO. REALTY - Dalkeith,-31.9831898,115.79852
37 Hillway,Nedlands,WA,6009,37 Hillway Nedlands WA 6009,"$1,735,000",Jun-19,House,5.0,2.0,3.0,911,243.0,1920.0,,,,-31.9901473,115.811577
3/32 Martin Avenue,Nedlands,WA,6009,3/32 Martin Avenue Nedlands WA 6009,"$595,000",Jun-19,House,3.0,2.0,2.0,458,110.0,1993.0,$550pw,Feb-19,,-31.97889949999999,115.8002704
7 Burwood Street,Nedlands,WA,6009,7 Burwood Street Nedlands WA 6009,"$1,700,000",May-19,House,4.0,2.0,2.0,"1,113",219.0,1920.0,$950pw,Jun-08,Gordon Davies Real Estate - DALKEITH,-31.9656462,115.8094047
50 Webster Street,Nedlands,WA,6009,50 Webster Street Nedlands WA 6009,"$1,600,000",May-19,House,4.0,2.0,2.0,"1,012",,1933.0,,,Shellabears - Cottesloe,-31.9835563,115.8067471
16B Kanimbla Road,Nedlands,WA,6009,16B Kanimbla Road Nedlands WA 6009,"$722,000",May-19,Townhouse,3.0,2.0,2.0,491,126.0,1982.0,$580pw,Dec-16,Abel McGrath Property Group,-31.97248,115.81594
5B Marita Road,Nedlands,WA,6009,5B Marita Road Nedlands WA 6009,"$1,000,000",May-19,House,3.0,2.0,2.0,445,142.0,1993.0,,,Mint Real Estate - Claremont,-31.98156,115.7960542
11/1 Park Road,Nedlands,WA,6009,11/1 Park Road Nedlands WA 6009,"$550,000",May-19,Townhouse,1.0,1.0,1.0,115,91.0,2006.0,$470pw,May-19,Hub Residential,-31.97374619999999,115.8174928
123 Dalkeith Road,Nedlands,WA,6009,123 Dalkeith Road Nedlands WA 6009,"$800,000",May-19,Land,,,,"1,012",,,,,,-31.9862853,115.802287
13/160 Hampden Road,Nedlands,WA,6009,13/160 Hampden Road Nedlands WA 6009,"$550,000",Apr-19,Townhouse,2.0,2.0,2.0,148,121.0,1999.0,$600pw,Oct-14,Abel McGrath Property Group - Claremont,-31.972218,115.8136783
1 Langham Street,Nedlands,WA,6009,1 Langham Street Nedlands WA 6009,"$1,200,000",Apr-19,House,4.0,2.0,4.0,540,213.0,2011.0,$850pw,Apr-20,Shellabears - Cottesloe,-31.9730368,115.8067471
34 Thomas Street,Nedlands,WA,6009,34 Thomas Street Nedlands WA 6009,"$1,875,000",Apr-19,House,6.0,2.0,2.0,"1,012",283.0,1955.0,,,,-31.9822611,115.8081337
53 Jenkins Avenue,Nedlands,WA,6009,53 Jenkins Avenue Nedlands WA 6009,"$1,350,000",Apr-19,House,3.0,2.0,2.0,461,230.0,2001.0,,,Abel McGrath Property Group - Claremont,-31.9822978,115.794522
96 Webster Street,Nedlands,WA,6009,96 Webster Street Nedlands WA 6009,"$2,000,000",Apr-19,House,4.0,3.0,4.0,"1,012",,1970.0,"$1,100pw",May-21,,-31.9881117,115.8067471
20 Loch Street,Nedlands,WA,6009,20 Loch Street Nedlands WA 6009,"$875,000",Mar-19,House,3.0,1.0,2.0,696,139.0,1945.0,,,,-31.9770386,115.7916563
58 Loch Street,Nedlands,WA,6009,58 Loch Street Nedlands WA 6009,"$1,490,000",Mar-19,House,3.0,2.0,2.0,976,233.0,1940.0,,,,-31.9797722,115.7916563
5 Doonan Road,Nedlands,WA,6009,5 Doonan Road Nedlands WA 6009,"$1,525,000",Mar-19,House,4.0,2.0,2.0,461,266.0,2003.0,,,,-31.9811572,115.7972952
102 Monash Avenue,Nedlands,WA,6009,102 Monash Avenue Nedlands WA 6009,"$1,250,000",Mar-19,House,4.0,2.0,4.0,533,137.0,1933.0,$680pw,Jan-21,Space Real Estate - Cottesloe,-31.970826,115.8097744
15 CLIFTON STREET,Nedlands,WA,6009,15 CLIFTON STREET Nedlands WA 6009,"$990,000",Mar-19,House,3.0,1.0,3.0,456,142.0,1930.0,$575pw,Jan-20,,-31.9720359,115.8110686
90 Stanley Street,Nedlands,WA,6009,90 Stanley Street Nedlands WA 6009,"$1,860,000",Mar-19,House,5.0,2.0,4.0,"1,012",230.0,1935.0,,,Perth Lifestyle Residential - Lifestyle Is Where I,-31.9878959,115.805453
71 Broadway,Nedlands,WA,6009,71 Broadway Nedlands WA 6009,"$1,350,000",Mar-19,House,3.0,2.0,3.0,549,173.0,1933.0,$695pw,Dec-20,,-31.9806199,115.8142576
30B Williams Road,Nedlands,WA,6009,30B Williams Road Nedlands WA 6009,"$900,000",Mar-19,House,3.0,2.0,2.0,342,174.0,2007.0,,,Mint Real Estate - Claremont,-31.9727584,115.8095879
41 Weld Street,Nedlands,WA,6009,41 Weld Street Nedlands WA 6009,"$1,150,000",Mar-19,House,3.0,2.0,1.0,697,147.0,1960.0,$825pw,Aug-13,,-31.978711,115.7969254
7 Kanimbla Road,Nedlands,WA,6009,7 Kanimbla Road Nedlands WA 6009,"$1,040,000",Feb-19,House,3.0,2.0,1.0,483,88.0,1932.0,,,,-31.9719304,115.8153668
12/192 Hampden Road,Nedlands,WA,6009,12/192 Hampden Road Nedlands WA 6009,"$485,000",Feb-19,Townhouse,2.0,1.0,2.0,142,101.0,1999.0,$450pw,Jan-17,Kempton Azzopardi - Nedlands,-31.973727,115.8138647
16A Dalkeith Road,Nedlands,WA,6009,16A Dalkeith Road Nedlands WA 6009,"$1,630,000",Jan-19,House,4.0,2.0,2.0,503,239.0,2009.0,"$1,500pw",Nov-12,DUET Property Group - Nedlands,-31.9745997,115.8029368
18 COOPER STREET,Nedlands,WA,6009,18 COOPER STREET Nedlands WA 6009,"$1,500,000",Dec-18,House,4.0,2.0,2.0,910,,1926.0,$685pw,Mar-19,Kempton Azzopardi - Nedlands,-31.9787175,115.8131021
24 Williams Road,Nedlands,WA,6009,24 Williams Road Nedlands WA 6009,"$911,000",Dec-18,House,2.0,1.0,1.0,456,114.0,1937.0,,,,-31.9723572,115.8095896
10 Kingsway,Nedlands,WA,6009,10 Kingsway Nedlands WA 6009,"$2,125,000",Dec-18,House,4.0,2.0,2.0,880,260.0,1935.0,"$1,400pw",Mar-19,,-31.9813303,115.8136568
79 Clifton Street,Nedlands,WA,6009,79 Clifton Street Nedlands WA 6009,"$1,000,000",Dec-18,House,3.0,1.0,0.0,468,143.0,1921.0,$550pw,Jul-20,,-31.9759918,115.811161
98 Thomas Street,Nedlands,WA,6009,98 Thomas Street Nedlands WA 6009,"$3,700,000",Dec-18,House,4.0,4.0,2.0,"1,012",438.0,2012.0,$500pw,Jan-10,TM Residential - Dalkeith,-31.9884931,115.8080412
63 Vincent Street,Nedlands,WA,6009,63 Vincent Street Nedlands WA 6009,"$2,600,000",Dec-18,House,5.0,3.0,2.0,961,425.0,2010.0,,,Caporn Young Estate Agents - Claremont,-31.9862746,115.7984276
61 Williams Road,Nedlands,WA,6009,61 Williams Road Nedlands WA 6009,"$1,250,000",Dec-18,House,2.0,1.0,0.0,905,114.0,1929.0,$420pw,Feb-19,Kempton Azzopardi - Nedlands,-31.975791,115.8090349
113 Hardy Road,Nedlands,WA,6009,113 Hardy Road Nedlands WA 6009,"$1,300,000",Dec-18,House,3.0,2.0,4.0,533,,1935.0,,,Mint Real Estate - Claremont,-31.9713005,115.8094971
92 Bruce Street,Nedlands,WA,6009,92 Bruce Street Nedlands WA 6009,"$2,250,000",Dec-18,House,5.0,3.0,2.0,"1,209",241.0,1940.0,"$1,300pw",Jan-19,Space Real Estate - Cottesloe,-31.9914969,115.811369
55 Meriwa Street,Nedlands,WA,6009,55 Meriwa Street Nedlands WA 6009,"$955,000",Dec-18,House,2.0,1.0,1.0,455,124.0,1933.0,$700pw,Jan-14,Kempton Azzopardi - Nedlands,-31.9749903,115.8100518
27/35 Esplanade,Nedlands,WA,6009,27/35 Esplanade Nedlands WA 6009,"$1,900,000",Dec-18,Apartment,3.0,2.0,2.0,294,171.0,2008.0,"$1,000pw",Apr-20,William Porteous Properties International Pty Lt,-31.9892903,115.8158059
201/30 The Avenue,Nedlands,WA,6009,201/30 The Avenue Nedlands WA 6009,"$1,090,000",Nov-18,Apartment,2.0,2.0,2.0,189,129.0,2009.0,$795pw,Dec-18,ACTON Dalkeith,-31.988934,115.8151588
16 Tyrell Street,Nedlands,WA,6009,16 Tyrell Street Nedlands WA 6009,"$1,680,000",Nov-18,House,4.0,2.0,3.0,809,,1950.0,,,,-31.9802808,115.8092429
1/1 Park Road,Nedlands,WA,6009,1/1 Park Road Nedlands WA 6009,"$725,000",Nov-18,Townhouse,3.0,2.0,1.0,198,124.0,2006.0,$650pw,Dec-18,REG RANSOM REAL ESTATE - DALKEITH,-31.97374619999999,115.8174928
78 Louise Street,Nedlands,WA,6009,78 Louise Street Nedlands WA 6009,"$1,650,000",Nov-18,House,3.0,2.0,3.0,1012,437.0,2020.0,$500pw,Dec-18,William Porteous Properties International Pty Ltd ,-31.9872039,115.8003457
18 Langham Street,Nedlands,WA,6009,18 Langham Street Nedlands WA 6009,"$1,900,000",Nov-18,House,4.0,2.0,3.0,905,364.0,1995.0,,,Hub Residential - SWANBOURNE,-31.9746816,115.8072786
22 Louise Street,Nedlands,WA,6009,22 Louise Street Nedlands WA 6009,"$2,400,000",Nov-18,House,2.0,1.0,2.0,"1,012",330.0,1936.0,,,,-31.9817742,115.8004613
8b Hardy Road,Nedlands,WA,6009,8b Hardy Road Nedlands WA 6009,"$645,000",Nov-18,Townhouse,3.0,1.0,1.0,115,117.0,1977.0,,,Kempton Azzopardi - Nedlands,-31.9717545,115.816026
10/2 Waroonga Road,Nedlands,WA,6009,10/2 Waroonga Road Nedlands WA 6009,"$550,000",Oct-18,Townhouse,2.0,1.0,1.0,150,84.0,1975.0,$410pw,Aug-20,ACTON Dalkeith,-31.9816877,115.7931353
4B Waroonga Road,Nedlands,WA,6009,4B Waroonga Road Nedlands WA 6009,"$958,000",Oct-18,House,3.0,2.0,2.0,504,162.0,1995.0,$650pw,Dec-15,Ockerby Real Estate - WA,-31.98191009999999,115.7931954
81 The Avenue,Nedlands,WA,6009,81 The Avenue Nedlands WA 6009,"$1,530,000",Oct-18,House,3.0,1.0,3.0,620,213.0,1933.0,,,Hub Residential - SWANBOURNE,-31.99235079999999,115.8113459
126 Princess Road,Nedlands,WA,6009,126 Princess Road Nedlands WA 6009,"$1,200,000",Oct-18,House,3.0,2.0,2.0,810,222.0,1937.0,,,Space Real Estate - Cottesloe,-31.9867282,115.7973876
19 Napier Street,Nedlands,WA,6009,19 Napier Street Nedlands WA 6009,"$1,250,000",Oct-18,House,4.0,2.0,2.0,697,,1950.0,$800pw,Oct-15,One Agency West Coast,-31.9770714,115.7934127
15 Mountjoy Road,Nedlands,WA,6009,15 Mountjoy Road Nedlands WA 6009,"$1,545,000",Oct-18,Townhouse,4.0,2.0,2.0,"1,012",144.0,2021.0,,,Duet Property Group - Nedlands,-31.9812139,115.801039
132 Dalkeith Road,Nedlands,WA,6009,132 Dalkeith Road Nedlands WA 6009,"$1,550,000",Oct-18,House,2.0,1.0,2.0,999,133.0,1935.0,$520pw,Jan-20,Ray White - Dalkeith | Claremont,-31.9873614,115.8029572
30 Stanley Street,Nedlands,WA,6009,30 Stanley Street Nedlands WA 6009,"$1,615,000",Oct-18,House,4.0,2.0,1.0,1012,,1948.0,$600pw,Feb-19,Hub Residential - SWANBOURNE,-31.9820981,115.805453
75 Dalkeith Road,Nedlands,WA,6009,75 Dalkeith Road Nedlands WA 6009,"$1,925,000",Oct-18,House,4.0,2.0,2.0,"1,012",291.0,1930.0,,,Duet Property Group - Nedlands,-31.9817611,115.8023332
7 Bruce Street,Nedlands,WA,6009,7 Bruce Street Nedlands WA 6009,"$1,700,000",Sep-18,House,4.0,2.0,2.0,814,205.0,1935.0,,,Duet Property Group - Nedlands,-31.9792196,115.8107912
15 Napier Street,Nedlands,WA,6009,15 Napier Street Nedlands WA 6009,"$1,170,000",Sep-18,House,4.0,2.0,2.0,696,166.0,1940.0,$220pw,Aug-14,Gordon Davies Real Estate - DALKEITH,-31.9767815,115.7934127
52 Louise Street,Nedlands,WA,6009,52 Louise Street Nedlands WA 6009,"$2,300,000",Sep-18,House,4.0,2.0,4.0,"1,012",308.0,2018.0,,,Abel Property - Leederville,-31.9846776,115.8003457
41 Broome Street,Nedlands,WA,6009,41 Broome Street Nedlands WA 6009,"$1,505,000",Sep-18,House,5.0,2.0,2.0,787,238.0,1938.0,"$1,150pw",Nov-12,Ray White - Dalkeith | Claremont,-31.9787099,115.7982658
7/28 Stirling Highway,Nedlands,WA,6009,7/28 Stirling Highway Nedlands WA 6009,"$592,000",Sep-18,Unit,2.0,1.0,1.0,110,110.0,1979.0,,,Hub Residential - SWANBOURNE,-31.9782863,115.8104797
7/79 Williams Road,Nedlands,WA,6009,7/79 Williams Road Nedlands WA 6009,"$900,000",Sep-18,House,3.0,2.0,2.0,311,200.0,2006.0,,,Mark Anderson,-31.9775091,115.8089425
82 Monash Avenue,Nedlands,WA,6009,82 Monash Avenue Nedlands WA 6009,"$1,355,000",Aug-18,House,2.0,1.0,1.0,533,,1930.0,,,Gordon Davies Real Estate - DALKEITH,-31.9708461,115.8112072
54 Viewway,Nedlands,WA,6009,54 Viewway Nedlands WA 6009,"$1,520,000",Aug-18,House,5.0,3.0,3.0,713,297.0,1926.0,,,The Agency,-31.986665,115.8125475
24 Loch Street,Nedlands,WA,6009,24 Loch Street Nedlands WA 6009,"$1,000,000",Aug-18,House,3.0,1.0,1.0,697,145.0,1920.0,,,Abel Property - Cottesloe,-31.9773285,115.7916563
11 Kingsway,Nedlands,WA,6009,11 Kingsway Nedlands WA 6009,"$2,180,000",Jul-18,House,5.0,3.0,2.0,880,312.0,1926.0,,,Ray White - Dalkeith | Claremont,-31.9821077,115.8130328
2 Dalkeith Road,Nedlands,WA,6009,2 Dalkeith Road Nedlands WA 6009,"$1,400,000",Jul-18,House,3.0,1.0,0.0,"1,037",,1960.0,,,Abel McGrath Property Group - Claremont,-31.972886,115.8028647
28 Williams Road,Nedlands,WA,6009,28 Williams Road Nedlands WA 6009,"$1,220,000",Jul-18,House,3.0,1.0,2.0,456,123.0,1937.0,$530pw,Oct-11,Abel McGrath Property Group - Claremont,-31.97257429999999,115.8095434
13 Boronia Avenue,Nedlands,WA,6009,13 Boronia Avenue Nedlands WA 6009,"$1,620,000",Jul-18,House,4.0,2.0,6.0,"1,036",328.0,1995.0,"$1,100pw",Jun-17,William Porteous Properties International Pty Ltd ,-31.97437519999999,115.80335
34 Stanley Street,Nedlands,WA,6009,34 Stanley Street Nedlands WA 6009,"$1,530,000",Jul-18,House,5.0,5.0,0.0,"1,012",491.0,2020.0,,,Rossen Real Estate - Nedlands,-31.9824865,115.8054761
117 Dalkeith Road,Nedlands,WA,6009,117 Dalkeith Road Nedlands WA 6009,"$1,455,000",Jun-18,House,3.0,1.0,1.0,"1,012",300.0,1945.0,"$1,500pw",Apr-21,Caporn Young Estate Agents - Claremont,-31.9857469,115.802287
32 Lupin Hill Grove,Nedlands,WA,6009,32 Lupin Hill Grove Nedlands WA 6009,"$1,380,000",Jun-18,House,3.0,2.0,2.0,232,203.0,2006.0,"$1,000pw",Apr-15,Realmark Western Suburbs - NEDLANDS,-31.9658595,115.8072786
18 Viewway,Nedlands,WA,6009,18 Viewway Nedlands WA 6009,"$2,800,000",Jun-18,House,5.0,3.0,2.0,883,341.0,1989.0,,,Abel McGrath Property Group - Claremont,-31.9826223,115.8125706
88a Bruce Street,Nedlands,WA,6009,88a Bruce Street Nedlands WA 6009,"$1,250,000",Jun-18,House,3.0,3.0,2.0,376,158.0,1950.0,$995pw,Aug-14,Abel McGrath Property Group - Claremont,-31.98993,115.81138
165 Broadway,Nedlands,WA,6009,165 Broadway Nedlands WA 6009,"$600,000",Jun-18,Shop,0.0,0.0,0.0,244,,,,,,-31.9881369,115.8149753
84 Mountjoy Road,Nedlands,WA,6009,84 Mountjoy Road Nedlands WA 6009,"$1,775,000",Jun-18,House,3.0,1.0,2.0,"1,012",353.0,1935.0,$590pw,May-15,Abel McGrath Property Group - Claremont,-31.9877925,115.8016399
67C Loftus Street,Nedlands,WA,6009,67C Loftus Street Nedlands WA 6009,"$710,000",Jun-18,Unit,3.0,1.0,2.0,268,129.0,1988.0,,,Abel McGrath Property Group - Claremont,-31.98053,115.79216
28 Napier Street,Nedlands,WA,6009,28 Napier Street Nedlands WA 6009,"$1,780,000",May-18,House,4.0,2.0,3.0,697,340.0,2001.0,,,Abel McGrath Property Group - Claremont,-31.9776294,115.7939904
6 LEOPOLD STREET,Nedlands,WA,6009,6 LEOPOLD STREET Nedlands WA 6009,"$1,950,000",May-18,House,4.0,3.0,2.0,498,127.0,2018.0,,,Space Real Estate - Cottesloe,-31.9869882,115.7950894
70 Mountjoy Road,Nedlands,WA,6009,70 Mountjoy Road Nedlands WA 6009,"$1,700,000",May-18,House,4.0,2.0,2.0,"1,012",333.0,1933.0,"$1,250pw",Jun-15,Kempton Azzopardi - Nedlands,-31.9863173,115.801663
4/145 Stirling Highway,Nedlands,WA,6009,4/145 Stirling Highway Nedlands WA 6009,"$345,000",May-18,Shop,0.0,0.0,0.0,"6,883",,1980.0,,,,-31.9800324,115.7968158
16 Dalkeith Road,Nedlands,WA,6009,16 Dalkeith Road Nedlands WA 6009,"$1,675,000",May-18,House,4.0,2.0,4.0,533,310.0,2009.0,,,Abel McGrath Property Group - Claremont,-31.9744969,115.8029803
37 Marita Road,Nedlands,WA,6009,37 Marita Road Nedlands WA 6009,"$1,720,000",May-18,House,6.0,2.0,1.0,923,,1959.0,,,Abel McGrath Property Group - Claremont,-31.9847885,115.7961166
8/89 Winthrop Avenue,Nedlands,WA,6009,8/89 Winthrop Avenue Nedlands WA 6009,"$455,000",May-18,House,2.0,2.0,1.0,100,70.0,2013.0,$450pw,Sep-16,Kempton Azzopardi - Nedlands,-31.9720124,115.8175621
85 Florence Road,Nedlands,WA,6009,85 Florence Road Nedlands WA 6009,"$2,115,000",May-18,House,5.0,3.0,2.0,"1,012",414.0,1938.0,,,Jamie Loh Real Estate - Cottesloe,-31.9883176,115.8035118
40/95 Monash Avenue,Nedlands,WA,6009,40/95 Monash Avenue Nedlands WA 6009,"$650,000",May-18,Shop,,,,"6,622",,,,,,-31.9699385,115.8106452
1/61 Stirling Highway,Nedlands,WA,6009,1/61 Stirling Highway Nedlands WA 6009,"$390,000",May-18,Unit,2.0,1.0,1.0,130,90.0,1967.0,,,Acton - Dalkeith,-31.9802878,115.7950997
30 Monash Avenue,Nedlands,WA,6009,30 Monash Avenue Nedlands WA 6009,"$960,000",May-18,House,5.0,2.0,3.0,490,207.0,1999.0,$650pw,Jun-18,Shellabears - Cottesloe,-31.9708423,115.8152281
24 Kingsway,Nedlands,WA,6009,24 Kingsway Nedlands WA 6009,"$1,375,000",May-18,House,4.0,1.0,2.0,883,,1933.0,,,,-31.9826555,115.8136568
13 Vincent Street,Nedlands,WA,6009,13 Vincent Street Nedlands WA 6009,"$1,430,000",Apr-18,House,2.0,1.0,1.0,997,,1928.0,,,Rossen Real Estate - Nedlands,-31.9815802,115.7985894
51 Taylor Road,Nedlands,WA,6009,51 Taylor Road Nedlands WA 6009,"$1,300,000",Apr-18,House,0.0,0.0,2.0,923,253.0,1939.0,,,Abel McGrath Property Group - Claremont,-31.9862919,115.7949148
22 Dalkeith Road,Nedlands,WA,6009,22 Dalkeith Road Nedlands WA 6009,"$1,360,000",Apr-18,House,4.0,2.0,1.0,535,234.0,2020.0,,,Abel McGrath Property Group - Claremont,-31.9752525,115.802934
45 Louise Street,Nedlands,WA,6009,45 Louise Street Nedlands WA 6009,"$1,635,000",Apr-18,House,4.0,1.0,3.0,"1,056",191.0,1931.0,,,Airey Real Estate - CLAREMONT,-31.9846739,115.7997911
42A Langham Street,Nedlands,WA,6009,42A Langham Street Nedlands WA 6009,"$900,000",Apr-18,House,2.0,1.0,2.0,102,102.0,1945.0,,,Airey Real Estate - CLAREMONT,-31.97707,115.80728
191-193 Stirling Highway,Nedlands,WA,6009,191-193 Stirling Highway Nedlands WA 6009,"$3,250,000",Apr-18,Shop,0.0,0.0,0.0,680,436.0,,"$12,775pw",Jun-11,,-31.9808929,115.7920072
18 Leopold Street,Nedlands,WA,6009,18 Leopold Street Nedlands WA 6009,"$2,200,000",Apr-18,House,4.0,2.0,2.0,"1,019",261.0,1945.0,,,Abel Property - Leederville,-31.9883225,115.7950997
19/35 Esplanade,Nedlands,WA,6009,19/35 Esplanade Nedlands WA 6009,"$1,380,000",Apr-18,Apartment,3.0,2.0,2.0,184,131.0,2008.0,$875pw,Dec-17,Ray White City Residential (Perth),-31.9892903,115.8158059
67 Verdun Street,Nedlands,WA,6009,67 Verdun Street Nedlands WA 6009,"$1,200,000",Mar-18,House,4.0,3.0,2.0,305,348.0,2010.0,"$1,250pw",Apr-17,Realmark Western Suburbs - NEDLANDS,-31.9669589,115.8060307
2 Boronia Avenue,Nedlands,WA,6009,2 Boronia Avenue Nedlands WA 6009,"$1,440,000",Mar-18,House,4.0,3.0,2.0,760,251.0,1960.0,,,Mack Hall Real Estate - Claremont,-31.9728779,115.8039509
4/112 Stirling Highway,Nedlands,WA,6009,4/112 Stirling Highway Nedlands WA 6009,"$520,000",Mar-18,Apartment,2.0,1.0,1.0,104,88.0,1939.0,$350pw,Jun-18,Abel McGrath Property Group - Claremont,-31.9799908,115.8005313
4/36 Martin Avenue,Nedlands,WA,6009,4/36 Martin Avenue Nedlands WA 6009,"$420,000",Mar-18,House,2.0,1.0,1.0,88,73.0,1988.0,$350pw,Nov-18,Acton - Dalkeith,-31.9793627,115.8001674
87 Meriwa Street,Nedlands,WA,6009,87 Meriwa Street Nedlands WA 6009,"$1,500,000",Mar-18,House,4.0,3.0,2.0,468,217.0,1933.0,,,Abel McGrath Property Group - Claremont,-31.9768552,115.8102366
67 Archdeacon Street,Nedlands,WA,6009,67 Archdeacon Street Nedlands WA 6009,"$1,925,000",Mar-18,House,4.0,2.0,2.0,810,,1940.0,,,Abel McGrath Property Group - Claremont,-31.9853212,115.8097744
3/52 Weld Street,Nedlands,WA,6009,3/52 Weld Street Nedlands WA 6009,"$695,000",Mar-18,Townhouse,3.0,1.0,3.0,117,117.0,1982.0,,,William Porteous Properties International Pty Ltd ,-31.9794592,115.7976327
47 Archdeacon Street,Nedlands,WA,6009,47 Archdeacon Street Nedlands WA 6009,"$1,780,000",Mar-18,House,3.0,2.0,2.0,809,210.0,1936.0,$800pw,Jan-07,Hub Residential - SWANBOURNE,-31.9833334,115.8097744
2/20 Monash Avenue,Nedlands,WA,6009,2/20 Monash Avenue Nedlands WA 6009,"$580,000",Mar-18,Townhouse,3.0,1.0,2.0,98,98.0,1981.0,$400pw,Jul-20,Kim Roberts & Associates Real Estate - NEDLANDS,-31.9708887,115.8159676
2/2A Marita Road,Nedlands,WA,6009,2/2A Marita Road Nedlands WA 6009,"$510,000",Mar-18,Townhouse,2.0,1.0,1.0,83,83.0,1965.0,$480pw,Feb-20,Acton - Dalkeith,-31.9810199,115.7967468
27 Langham Street,Nedlands,WA,6009,27 Langham Street Nedlands WA 6009,"$1,930,000",Mar-18,House,4.0,2.0,3.0,908,281.0,1930.0,,,Abel McGrath Property Group - Claremont,-31.975609,115.8066316
9 Webster Street,Nedlands,WA,6009,9 Webster Street Nedlands WA 6009,"$480,000",Mar-18,Unit,2.0,1.0,1.0,"1,012",84.0,1938.0,,,,-31.9799314,115.8060338
10/47 Boronia Avenue,Nedlands,WA,6009,10/47 Boronia Avenue Nedlands WA 6009,"$530,000",Mar-18,Townhouse,3.0,1.0,1.0,108,108.0,1976.0,$520pw,Jan-14,Rossen Real Estate - Nedlands,-31.9783767,115.8032138
9/1 Park Road,Nedlands,WA,6009,9/1 Park Road Nedlands WA 6009,"$560,000",Mar-18,Townhouse,1.0,1.0,1.0,145,90.0,2006.0,,,Kempton Azzopardi - Nedlands,-31.97374619999999,115.8174928
41 Bulimba Road,Nedlands,WA,6009,41 Bulimba Road Nedlands WA 6009,"$1,625,000",Mar-18,House,4.0,2.0,2.0,923,211.0,1983.0,$750pw,Jul-17,Kempton Azzopardi - Nedlands,-31.9855589,115.7937131
110 Williams Road,Nedlands,WA,6009,110 Williams Road Nedlands WA 6009,"$935,000",Mar-18,House,3.0,2.0,3.0,706,94.0,1945.0,,,Abel McGrath Property Group - Claremont,-31.97744999999999,115.8099
5 Viewway,Nedlands,WA,6009,5 Viewway Nedlands WA 6009,"$2,000,000",Mar-18,House,4.0,2.0,2.0,883,,1935.0,,,Rossen Real Estate - Nedlands,-31.9817119,115.8119005
6 Loneragan Street,Nedlands,WA,6009,6 Loneragan Street Nedlands WA 6009,"$1,800,000",Feb-18,House,4.0,3.0,2.0,397,377.0,2008.0,"$1,495pw",Dec-17,Realmark Western Suburbs - NEDLANDS,-31.9666602,115.8062618
1/1 Webster Street,Nedlands,WA,6009,1/1 Webster Street Nedlands WA 6009,"$550,000",Feb-18,Townhouse,2.0,1.0,1.0,225,93.0,1990.0,,,Ian Hutchison - South Perth,-31.9790955,115.8062156
1A Thomas Street,Nedlands,WA,6009,1A Thomas Street Nedlands WA 6009,"$1,525,000",Feb-18,House,5.0,1.0,4.0,"1,015",361.0,1938.0,,,Abel McGrath Property Group - Claremont,-31.9789482,115.8073733
1/59 Stirling Highway,Nedlands,WA,6009,1/59 Stirling Highway Nedlands WA 6009,"$537,500",Feb-18,Unit,2.0,1.0,1.0,109,90.0,1930.0,$500pw,Sep-14,Mint Real Estate - Claremont,-31.9781373,115.8076715
25 Bruce Street,Nedlands,WA,6009,25 Bruce Street Nedlands WA 6009,"$1,640,000",Feb-18,House,4.0,3.0,2.0,804,209.0,1924.0,$930pw,Feb-20,Hub Residential - SWANBOURNE,-31.9808348,115.8107912
89 Florence Road,Nedlands,WA,6009,89 Florence Road Nedlands WA 6009,"$1,950,000",Feb-18,House,4.0,3.0,4.0,1012,488.0,2021.0,,,Abel McGrath Property Group - Claremont,-31.9886289,115.8036042
36 Cooper Street,Nedlands,WA,6009,36 Cooper Street Nedlands WA 6009,"$1,660,000",Feb-18,House,4.0,2.0,2.0,741,208.0,1925.0,"$1,250pw",Nov-20,Acton - Dalkeith,-31.9790677,115.8112996
64 Florence Road,Nedlands,WA,6009,64 Florence Road Nedlands WA 6009,"$1,620,000",Feb-18,House,0.0,0.0,2.0,"1,012",260.0,1938.0,,,Abel McGrath Property Group - Claremont,-31.9857394,115.8042282
1A Bulimba Road,Nedlands,WA,6009,1A Bulimba Road Nedlands WA 6009,"$910,000",Feb-18,House,3.0,2.0,6.0,145,134.0,1981.0,$570pw,Jul-19,Shellabears - Cottesloe,-31.9815532,115.7936796
83 Thomas Street,Nedlands,WA,6009,83 Thomas Street Nedlands WA 6009,"$3,700,000",Feb-18,House,6.0,3.0,6.0,"1,012",318.0,2017.0,,,Abel McGrath Property Group - Claremont,-31.9873343,115.8073711
24 Thomas Street,Nedlands,WA,6009,24 Thomas Street Nedlands WA 6009,"$3,000,000",Feb-18,House,4.0,4.0,4.0,"1,012",363.0,1933.0,,,Abel McGrath Property Group - Claremont,-31.9813858,115.8080644
21 Meriwa Street,Nedlands,WA,6009,21 Meriwa Street Nedlands WA 6009,"$960,000",Feb-18,House,2.0,1.0,2.0,456,89.0,1927.0,$650pw,Apr-16,Bellcourt Property Group - Dalkeith | Shenton Park,-31.9727538,115.8100518
26 Webster Street,Nedlands,WA,6009,26 Webster Street Nedlands WA 6009,"$1,300,000",Jan-18,House,4.0,2.0,1.0,675,174.0,1974.0,$900pw,Jan-16,Ray White - Dalkeith | Claremont,-31.9813871,115.806724
69 Vincent Street,Nedlands,WA,6009,69 Vincent Street Nedlands WA 6009,"$2,000,000",Jan-18,House,5.0,3.0,2.0,998,260.0,1973.0,,,Abel McGrath Property Group - Claremont,-31.9869999,115.79852
120 Dalkeith Road,Nedlands,WA,6009,120 Dalkeith Road Nedlands WA 6009,"$1,451,000",Jan-18,House,4.0,2.0,2.0,946,,1951.0,$600pw,Jan-18,Caporn Young Estate Agents - Claremont,-31.9860619,115.802934
5/160 Hampden Road,Nedlands,WA,6009,5/160 Hampden Road Nedlands WA 6009,"$700,000",Jan-18,Shop,,,,"1,861",84.0,1999.0,,,,-31.9722135,115.8135829
51 Thomas Street,Nedlands,WA,6009,51 Thomas Street Nedlands WA 6009,"$1,900,000",Jan-18,House,4.0,2.0,2.0,"1,012",259.0,1935.0,"$1,350pw",Jul-15,Hub Residential - SWANBOURNE,-31.9843268,115.8073942
21 Portland Street,Nedlands,WA,6009,21 Portland Street Nedlands WA 6009,"$1,760,000",Jan-18,House,7.0,2.0,6.0,905,170.0,1932.0,,,Hub Residential - SWANBOURNE,-31.9750524,115.8077639
33 Hillway,Nedlands,WA,6009,33 Hillway Nedlands WA 6009,"$2,250,000",Jan-18,House,4.0,3.0,2.0,910,299.0,1950.0,,,William Porteous Properties International Pty Ltd ,-31.9898901,115.811808
68 Vincent Street,Nedlands,WA,6009,68 Vincent Street Nedlands WA 6009,"$2,125,000",Jan-18,House,4.0,2.0,2.0,"1,136",285.0,1955.0,,,Abel McGrath Property Group - Claremont,-31.9872735,115.7991671
35 Taylor Road,Nedlands,WA,6009,35 Taylor Road Nedlands WA 6009,"$1,400,000",Jan-18,House,3.0,1.0,3.0,923,188.0,1960.0,$680pw,Nov-11,Abel McGrath Property Group - Claremont,-31.9848167,115.794938
35 Weld Street,Nedlands,WA,6009,35 Weld Street Nedlands WA 6009,"$1,710,000",Jan-18,House,4.0,2.0,3.0,697,285.0,2002.0,,,Ray White - Dalkeith | Claremont,-31.9783069,115.7968792
14/51 Stirling Highway,Nedlands,WA,6009,14/51 Stirling Highway Nedlands WA 6009,"$420,000",Jan-18,Townhouse,2.0,1.0,1.0,,,1966.0,$330pw,Nov-18,Kempton Azzopardi - Nedlands,-31.97792,115.80865
74 Smyth Road,Nedlands,WA,6009,74 Smyth Road Nedlands WA 6009,"$1,330,000",Dec-17,House,3.0,2.0,3.0,909,909.0,1955.0,$700pw,Dec-17,William Porteous Properties International Pty Ltd ,-31.9743213,115.806077
12 Kanimbla Road,Nedlands,WA,6009,12 Kanimbla Road Nedlands WA 6009,"$1,185,000",Dec-17,House,3.0,2.0,2.0,491,144.0,1932.0,$700pw,Nov-12,Hub Residential - SWANBOURNE,-31.9722755,115.8158752
32 Bedford Street,Nedlands,WA,6009,32 Bedford Street Nedlands WA 6009,"$1,956,000",Dec-17,House,4.0,2.0,3.0,787,351.0,2004.0,"$1,525pw",Feb-21,Space Real Estate - Cottesloe,-31.9779027,115.7981825
51 Robinson Street,Nedlands,WA,6009,51 Robinson Street Nedlands WA 6009,"$1,370,000",Dec-17,House,3.0,2.0,2.0,697,,1938.0,$975pw,Feb-16,Space Real Estate - Cottesloe,-31.9793761,115.7957699
23/35 Esplanade,Nedlands,WA,6009,23/35 Esplanade Nedlands WA 6009,"$2,015,000",Dec-17,Apartment,3.0,2.0,2.0,333,176.0,2008.0,,,Mint Real Estate - Claremont,-31.9892903,115.8158059
