address,suburb,state,postcode,full_address,price,sold date,type,bedrooms,bathrooms,car space,Land size,Building size,Year built,rent,rent date,agent,lat,lng
39/128 Mounts Bay Road,Perth,WA,6000,39/128 Mounts Bay Road Perth WA 6000,"$516,000",Jul-21,Apartment,3,2,2,157,114,2001,,,David Airey,-31.9561591,115.8470469
32/418 Murray Street,Perth,WA,6000,32/418 Murray Street Perth WA 6000,"$325,000",Jul-21,Apartment,2,1,1,100,70,2005,,,,-31.9508929,115.8533099
40/120 Lake Street,Perth,WA,6000,40/120 Lake Street Perth WA 6000,"$373,000",Jul-21,Apartment,2,1,1,100,76,1994,,,Sam Dempsey,-31.9447634,115.8592993
11/177 Stirling Street,Perth,WA,6000,11/177 Stirling Street Perth WA 6000,"$450,000",Jul-21,Apartment,2,2,1,109,70,2012,$465pw,Nov-16,Danielle Geagea,-31.9469,115.8655059
21 Myrtle Street,Perth,WA,6000,21 Myrtle Street Perth WA 6000,"$802,000",Jul-21,Townhouse,3,1,2,104,93,1981,$590pw,Oct-18,Annette O'Brien-Oxley,-31.93946,115.85827
5/19 Lindsay Street,Perth,WA,6000,5/19 Lindsay Street Perth WA 6000,"$590,000",Jul-21,Apartment,2,2,1,98,81,2015,$575pw,Jan-19,Maurice Flores,-31.9460919,115.8633361
8/124 Mounts Bay Road,Perth,WA,6000,8/124 Mounts Bay Road Perth WA 6000,"$500,000",Jun-21,Apartment,3,2,1,196,120,2006,$690pw,Oct-18,Matt McWaters,-31.95579,115.8476015
26/14 Money Street,Perth,WA,6000,26/14 Money Street Perth WA 6000,"$815,000",Jun-21,Apartment,3,2,1,90,131,2010,$600pw,May-10,,-31.9460491,115.8628039
104/305 Murray Street,Perth,WA,6000,104/305 Murray Street Perth WA 6000,"$245,000",Jun-21,Apartment,1,1,0,31,31,2003,,,,-31.9524313,115.8565664
401/237 Adelaide Terrace,Perth,WA,6000,401/237 Adelaide Terrace Perth WA 6000,"$365,000",Jun-21,Apartment,1,1,1,88,70,2010,,,,-31.9584671,115.8667534
45/34 Palmerston Street,Perth,WA,6000,45/34 Palmerston Street Perth WA 6000,"$585,000",Jun-21,House,2,2,1,160,120,1999,$580pw,Apr-14,ROB STEFANOVSKI,-31.9438988,115.8577122
2009/11 Barrack Square,Perth,WA,6000,2009/11 Barrack Square Perth WA 6000,"$1,300,000",Jun-21,Apartment,3,3,2,165,133,2019,,,Amy Di Vincenzo,-31.9592445,115.8575137
25/226 Beaufort Street,Perth,WA,6000,25/226 Beaufort Street Perth WA 6000,"$490,000",Jun-21,House,2,2,1,110,81,2011,$460pw,Nov-19,,-31.9459945,115.8653102
30/69 Milligan Street,Perth,WA,6000,30/69 Milligan Street Perth WA 6000,"$445,000",Jun-21,Apartment,2,2,1,105,78,2009,$450pw,May-18,Josh Roberts,-31.9498149,115.8522226
11/18 Robinson Avenue,Perth,WA,6000,11/18 Robinson Avenue Perth WA 6000,"$620,000",Jun-21,Townhouse,3,1,1,201,139,2002,$475pw,Sep-19,Graeme Correy,-31.9442746,115.8638426
56/378 Beaufort Street,Perth,WA,6000,56/378 Beaufort Street Perth WA 6000,"$362,000",Jun-21,Apartment,1,1,1,84,56,2012,$550pw,May-14,Joshua Leader,-31.9421489,115.8676567
172 Lake Street,Perth,WA,6000,172 Lake Street Perth WA 6000,"$1,050,000",Jun-21,House,3,2,0,195,208,1897,,,Daniel Porcaro,-31.9431637,115.8599975
109/15 Aberdeen Street,Perth,WA,6000,109/15 Aberdeen Street Perth WA 6000,"$330,000",Jun-21,Apartment,1,1,1,77,47,2014,$370pw,Mar-19,Cherry Li,-31.949662,115.8652097
17/34 Palmerston Street,Perth,WA,6000,17/34 Palmerston Street Perth WA 6000,"$620,000",Jun-21,Apartment,2,2,2,147,118,1910,$500pw,Mar-17,Nadija Begovich,-31.9438988,115.8577122
47/76 Newcastle Street,Perth,WA,6000,47/76 Newcastle Street Perth WA 6000,"$315,000",Jun-21,Apartment,1,1,1,91,60,2007,$335pw,Apr-17,Dion Brown,-31.9483716,115.8660856
17/34 Bulwer Street,Perth,WA,6000,17/34 Bulwer Street Perth WA 6000,"$300,000",Jun-21,Apartment,2,1,1,71,71,1978,,,Josh Roberts,-31.9436386,115.8705492
1/478 William Street,Perth,WA,6000,1/478 William Street Perth WA 6000,"$523,000",Jun-21,Apartment,2,2,2,129,90,2009,$475pw,Jul-20,,-31.94126,115.8638444
2701/237 Adelaide Terrace,Perth,WA,6000,2701/237 Adelaide Terrace Perth WA 6000,"$2,700,000",Jun-21,Apartment,4,5,2,509,351,2010,"$4,000pw",Aug-13,,-31.9584671,115.8667534
601/112 Mounts Bay Road,Perth,WA,6000,601/112 Mounts Bay Road Perth WA 6000,"$475,000",Jun-21,Apartment,2,1,2,143,77,1998,,,Daniel Porcaro,-31.9549066,115.8482831
73/262 Lord Street,Perth,WA,6000,73/262 Lord Street Perth WA 6000,"$399,500",Jun-21,Apartment,2,2,1,113,78,2014,$470pw,Aug-20,Veljko Lazovic,-31.9454232,115.8729706
48B Randell Street,Perth,WA,6000,48B Randell Street Perth WA 6000,"$895,000",May-21,House,3,1,2,128,,,,,Peter Menaglio,-31.9392961,115.8576429
36/10 Pendal Lane,Perth,WA,6000,36/10 Pendal Lane Perth WA 6000,"$480,000",May-21,Apartment,2,2,2,96,90,2003,,,,-31.9432751,115.8560119
10 Pisconeri Street,Perth,WA,6000,10 Pisconeri Street Perth WA 6000,"$1,308,000",May-21,House,4,2,3,302,289,2008,$700pw,Apr-18,Daniel Porcaro,-31.9485212,115.8675002
2801/237 Adelaide Terrace,Perth,WA,6000,2801/237 Adelaide Terrace Perth WA 6000,"$2,650,000",May-21,Apartment,4,5,4,531,351,2010,,,,-31.9584671,115.8667534
392 Beaufort Street,Perth,WA,6000,392 Beaufort Street Perth WA 6000,"$1,000,000",May-21,House,3,2,5,385,,1920,,,Ray Cafini,-31.9416073,115.867957
61 Lindsay Street,Perth,WA,6000,61 Lindsay Street Perth WA 6000,"$1,310,000",May-21,House,3,2,2,300,194,1935,,,,-31.945044,115.8642026
30/918 Hay Street,Perth,WA,6000,30/918 Hay Street Perth WA 6000,"$465,000",May-21,Apartment,2,2,1,145,145,2002,,,Brendon Habak,-31.9517111,115.8523976
51/229 Adelaide Terrace,Perth,WA,6000,51/229 Adelaide Terrace Perth WA 6000,"$1,105,000",May-21,Apartment,3,3,2,904,240,2008,,,,-31.9587233,115.8674744
13/118 Mounts Bay Road,Perth,WA,6000,13/118 Mounts Bay Road Perth WA 6000,"$390,000",May-21,Apartment,2,1,1,136,104,1999,,,Brendon Habak,-31.9552607,115.8477979
18 Church Street,Perth,WA,6000,18 Church Street Perth WA 6000,"$890,000",May-21,House,2,1,1,176,101,1920,$590pw,May-21,Shaun Pratt,-31.9434635,115.858334
79/132 Terrace Road,Perth,WA,6000,79/132 Terrace Road Perth WA 6000,"$450,000",May-21,Apartment,1,1,1,93,65,2007,$400pw,Jul-18,Chris O'Brien,-31.959182,115.8655845
1/308 Stirling Street,Perth,WA,6000,1/308 Stirling Street Perth WA 6000,"$325,000",May-21,Unit,2,1,1,59,59,1965,$300pw,Apr-12,Peter Thomas,-31.9422379,115.8694357
2/142 Palmerston Street,Perth,WA,6000,2/142 Palmerston Street Perth WA 6000,"$770,000",May-21,House,3,3,2,244,178,1999,$500pw,Dec-09,Claude Iaconi,-31.94046,115.85943
14/180 Stirling Street,Perth,WA,6000,14/180 Stirling Street Perth WA 6000,"$335,000",May-21,House,1,1,1,81,48,2013,$360pw,Aug-20,,-31.9470657,115.8661848
14/378 Beaufort Street,Perth,WA,6000,14/378 Beaufort Street Perth WA 6000,"$335,000",May-21,Apartment,1,1,1,93,52,2012,$340pw,Dec-20,Dean Sims,-31.9421489,115.8676567
6/38 Bulwer Street,Perth,WA,6000,6/38 Bulwer Street Perth WA 6000,"$335,000",May-21,Apartment,2,1,1,71,71,1977,,,Nadija Begovich,-31.9437435,115.8701288
20/569 Wellington Street,Perth,WA,6000,20/569 Wellington Street Perth WA 6000,"$360,500",May-21,House,1,1,0,79,73,2001,$345pw,Feb-20,,-31.9510977,115.8561876
23/474 Murray Street,Perth,WA,6000,23/474 Murray Street Perth WA 6000,"$370,000",May-21,Apartment,1,1,1,87,60,2008,$370pw,Jul-19,,-31.9503296,115.8517605
92/369 Hay Street,Perth,WA,6000,92/369 Hay Street Perth WA 6000,"$477,500",May-21,Apartment,2,2,1,115,77,2009,$695pw,Aug-14,Sean Roberts,-31.9574465,115.867509
9 8 Victoria Avenue,Perth,WA,6000,9 8 Victoria Avenue Perth WA 6000,"$330,000",Apr-21,Apartment,1,1,1,78,54,2009,,,David Whiteman,-31.957191,115.8659007
69/101 Murray Street,Perth,WA,6000,69/101 Murray Street Perth WA 6000,"$300,000",Apr-21,Apartment,1,1,1,61,53,2011,$450pw,May-21,Richard Mathlin,-31.9542262,115.8620192
21/99 Palmerston Street,Perth,WA,6000,21/99 Palmerston Street Perth WA 6000,"$440,000",Apr-21,Apartment,1,1,1,83,53,2017,,,Claude Iaconi,-31.94167,115.8578
28/255 Adelaide Terrace,Perth,WA,6000,28/255 Adelaide Terrace Perth WA 6000,"$460,000",Apr-21,Apartment,2,2,1,116,90,2002,$450pw,Jun-19,,-31.958413,115.8658558
63/262 Lord Street,Perth,WA,6000,63/262 Lord Street Perth WA 6000,"$440,000",Apr-21,Apartment,2,2,1,103,76,2014,,,Chris O'Brien,-31.9454232,115.8729706
56/280 LORD Street,Perth,WA,6000,56/280 LORD Street Perth WA 6000,"$565,000",Apr-21,Apartment,3,2,2,154,93,2015,$650pw,Oct-20,,-31.9443085,115.8735251
16/122 Terrace Road,Perth,WA,6000,16/122 Terrace Road Perth WA 6000,"$200,000",Apr-21,Apartment,1,1,1,34,34,1961,$250pw,Apr-09,Josh Roberts,-31.9595615,115.8667094
9 Throssell Street,Perth,WA,6000,9 Throssell Street Perth WA 6000,"$1,450,000",Apr-21,House,3,1,2,491,113,1925,$690pw,Apr-21,,-31.9373583,115.8593159
193/369 Hay Street,Perth,WA,6000,193/369 Hay Street Perth WA 6000,"$351,000",Apr-21,Apartment,1,1,1,83,50,2009,$425pw,Mar-21,Josh Roberts,-31.9574465,115.867509
59/154 Newcastle Street,Perth,WA,6000,59/154 Newcastle Street Perth WA 6000,"$450,000",Apr-21,Apartment,2,2,1,125,87,2009,,,,-31.9471039,115.8637289
611/112 Mounts Bay Road,Perth,WA,6000,611/112 Mounts Bay Road Perth WA 6000,"$463,610",Mar-21,Apartment,2,1,2,148,78,1998,,,,-31.9549066,115.8482831
11/2 Pisconeri Street,Perth,WA,6000,11/2 Pisconeri Street Perth WA 6000,"$375,000",Mar-21,Apartment,2,1,1,100,74,2008,$360pw,Sep-18,Dan Sharp,-31.9488756,115.8671946
56 Bulwer Street,Perth,WA,6000,56 Bulwer Street Perth WA 6000,"$800,000",Mar-21,House,2,1,2,316,105,1910,,,Helen Bond,-31.9432154,115.8691466
195 Pier Street,Perth,WA,6000,195 Pier Street Perth WA 6000,"$295,000",Mar-21,Apartment,2,2,1,,103,,,,,-31.9507223,115.8644956
16/8 James Street,Perth,WA,6000,16/8 James Street Perth WA 6000,"$330,000",Mar-21,Apartment,2,1,1,533,87,1996,$395pw,Mar-17,Brendan Smith,-31.95114,115.86443
6/124 Mounts Bay Road,Perth,WA,6000,6/124 Mounts Bay Road Perth WA 6000,"$459,600",Mar-21,Apartment,2,2,1,129,93,2006,$600pw,Feb-10,Peter Clements,-31.95579,115.8476015
204/126 Mounts Bay Road,Perth,WA,6000,204/126 Mounts Bay Road Perth WA 6000,"$210,000",Mar-21,Apartment,1,1,0,58,51,2001,,,Brendon Habak,-31.9561886,115.8471018
57/33 Newcastle Street,Perth,WA,6000,57/33 Newcastle Street Perth WA 6000,"$448,000",Mar-21,Apartment,2,2,1,114,75,2016,$460pw,May-20,Terry Lu,-31.9493657,115.8675015
17/116 Mounts Bay Road,Perth,WA,6000,17/116 Mounts Bay Road Perth WA 6000,"$350,000",Mar-21,,2,1,1,111,82,1999,$400pw,Nov-16,,-31.9555238,115.8480636
11 Lindsay Street,Perth,WA,6000,11 Lindsay Street Perth WA 6000,"$1,100,000",Mar-21,House,3,2,2,240,155,2010,$780pw,Jan-21,Meryl Carter,-31.946328,115.8630127
73/154 Newcastle Street,Perth,WA,6000,73/154 Newcastle Street Perth WA 6000,"$295,000",Feb-21,Apartment,1,1,1,90,64,2009,$380pw,Jan-16,Nik Zounis,-31.9471039,115.8637289
2404/195 Pier Street,Perth,WA,6000,2404/195 Pier Street Perth WA 6000,"$780,000",Feb-21,Apartment,3,2,2,,103,,,,,-31.9507223,115.8644956
50/154 Newcastle Street,Perth,WA,6000,50/154 Newcastle Street Perth WA 6000,"$295,000",Feb-21,Apartment,1,1,1,84,57,2009,,,Jake Kemsley,-31.9471039,115.8637289
18/124 Mounts Bay Road,Perth,WA,6000,18/124 Mounts Bay Road Perth WA 6000,"$500,000",Feb-21,Apartment,2,2,1,130,93,2006,,,Sean Roberts,-31.95579,115.8476015
54/369 Hay Street,Perth,WA,6000,54/369 Hay Street Perth WA 6000,"$440,000",Feb-21,Apartment,2,2,1,119,77,2009,$490pw,May-19,Josh Roberts,-31.9574465,115.867509
23/59 Brewer Street,Perth,WA,6000,23/59 Brewer Street Perth WA 6000,"$415,000",Feb-21,Apartment,2,2,1,114,81,2009,$470pw,Aug-15,Peter Wildermoth,-31.9466263,115.868396
2006/1 Geoffrey Bolton Avenue,Perth,WA,6000,2006/1 Geoffrey Bolton Avenue Perth WA 6000,"$1,500,000",Feb-21,Apartment,3,2,2,140,105,2019,"$1,000pw",Apr-20,,-31.9577875,115.8585417
52/229 Adelaide Terrace,Perth,WA,6000,52/229 Adelaide Terrace Perth WA 6000,"$335,000",Feb-21,Apartment,1,1,1,905,62,2008,$390pw,Feb-21,James Yeoman,-31.9587233,115.8674744
7/176 Newcastle Street,Perth,WA,6000,7/176 Newcastle Street Perth WA 6000,"$555,000",Feb-21,Apartment,3,2,1,427,95,2010,$580pw,Nov-20,Jasmyn Wright,-31.9466454,115.8623809
44/133 Lincoln Street,Perth,WA,6000,44/133 Lincoln Street Perth WA 6000,"$310,000",Feb-21,Unit,2,1,1,76,76,1970,$330pw,Sep-20,Daniel Colbert,-31.9412322,115.8675873
7/2 Braid Street,Perth,WA,6000,7/2 Braid Street Perth WA 6000,"$505,000",Feb-21,Townhouse,2,1,1,130,93,2008,$440pw,Jul-11,Beaufort Team - Pam & Jodi,-31.949183,115.8679775
7/120 Lake Street,Perth,WA,6000,7/120 Lake Street Perth WA 6000,"$375,000",Feb-21,Apartment,2,1,1,113,83,1994,$300pw,Oct-18,,-31.9447634,115.8592993
22/65 Milligan Street,Perth,WA,6000,22/65 Milligan Street Perth WA 6000,"$423,000",Feb-21,Apartment,2,1,1,100,66,2008,$625pw,Nov-13,Emma Oliver,-31.9502606,115.8518421
V607/9 Victoria Avenue,Perth,WA,6000,V607/9 Victoria Avenue Perth WA 6000,"$299,500",Feb-21,Apartment,1,1,1,"2,072",,2002,$420pw,Jan-12,Josh Roberts,-31.9570853,115.8654409
37/65 Palmerston Street,Perth,WA,6000,37/65 Palmerston Street Perth WA 6000,"$315,000",Feb-21,Apartment,1,1,1,62,53,2000,$300pw,Aug-18,Chris O'Brien,-31.9431166,115.8571209
4/168 Mounts Bay Road Perth,Perth,WA,6000,4/168 Mounts Bay Road Perth Perth WA 6000,"$920,000",Feb-21,Apartment,3,3,2,210,210,1982,,,Carmen Tutor,-31.9595856,115.8453833
71/375 Hay Street,Perth,WA,6000,71/375 Hay Street Perth WA 6000,"$410,000",Jan-21,Apartment,2,2,1,107,79,2008,$520pw,May-16,Brendon Habak,-31.9571145,115.8670717
157/15 Aberdeen Street,Perth,WA,6000,157/15 Aberdeen Street Perth WA 6000,"$470,000",Jan-21,Apartment,1,1,1,98,69,2014,$480pw,Feb-21,Ashby Farrell,-31.949662,115.8652097
12/82 King Street,Perth,WA,6000,12/82 King Street Perth WA 6000,"$1,355,000",Jan-21,Apartment,2,2,1,258,230,2003,,,,-31.9509822,115.8557674
V704/9 Victoria Avenue,Perth,WA,6000,V704/9 Victoria Avenue Perth WA 6000,"$310,000",Jan-21,Apartment,1,1,1,"2,073",60,2002,$395pw,Feb-21,Josh Roberts,-31.9570853,115.8654409
195 Lake Street,Perth,WA,6000,195 Lake Street Perth WA 6000,"$860,000",Jan-21,House,3,1,2,268,90,1920,,,,-31.94214,115.86004
60 Robinson Avenue,Perth,WA,6000,60 Robinson Avenue Perth WA 6000,"$925,000",Jan-21,Unit,3,3,2,164,114,2020,,,Louise Markovic,-31.9433251,115.8618519
10/20 Pendal Lane,Perth,WA,6000,10/20 Pendal Lane Perth WA 6000,"$390,000",Jan-21,Apartment,2,2,1,113,88,2003,,,Peter MacDonald,-31.9428408,115.8561043
78/418 Murray Street,Perth,WA,6000,78/418 Murray Street Perth WA 6000,"$318,000",Jan-21,Apartment,2,1,1,94,70,2005,$550pw,Jan-12,,-31.9508929,115.8533099
C/224 Lord Street,Perth,WA,6000,C/224 Lord Street Perth WA 6000,"$550,000",Jan-21,Apartment,3,2,2,,,1970,$600pw,Jan-21,Damien Lloyd,-31.9468078,115.8716082
124/138 Barrack Street,Perth,WA,6000,124/138 Barrack Street Perth WA 6000,"$460,000",Jan-21,Unit,3,2,1,145,119,2006,$500pw,Apr-19,Brent Compton,-31.9527337,115.8612886
107/101 Murray Street,Perth,WA,6000,107/101 Murray Street Perth WA 6000,"$350,000",Jan-21,Apartment,1,1,1,70,61,2011,$500pw,Aug-17,Terry Lu,-31.9542262,115.8620192
12 Wade Street,Perth,WA,6000,12 Wade Street Perth WA 6000,"$680,000",Jan-21,Townhouse,4,2,2,152,136,1996,$625pw,Dec-15,Annie Kowal,-31.9424538,115.8639286
15/229 Adelaide Terrace,Perth,WA,6000,15/229 Adelaide Terrace Perth WA 6000,"$650,000",Jan-21,Apartment,2,2,2,905,96,2008,$750pw,Jan-21,Chris O'Brien,-31.9587233,115.8674744
15/114 Terrace Road,Perth,WA,6000,15/114 Terrace Road Perth WA 6000,"$210,000",Jan-21,Villa,1,1,0,54,54,1945,$250pw,Sep-16,Davide Palermo,-31.959762,115.8673101
U70/33 Newcastle Street,Perth,WA,6000,U70/33 Newcastle Street Perth WA 6000,"$292,000",Jan-21,Apartment,1,1,1,67,51,2016,,,Terry Lu,-31.9493657,115.8675015
3/269 Stirling Street,Perth,WA,6000,3/269 Stirling Street Perth WA 6000,"$329,000",Jan-21,Apartment,1,1,1,459,47,1937,$300pw,Sep-18,Carlos Lehn,-31.9436555,115.8676798
3/207 Bulwer Street,Perth,WA,6000,3/207 Bulwer Street Perth WA 6000,"$381,000",Jan-21,Apartment,2,1,1,113,78,2004,$410pw,Dec-16,Michelle Ralph,-31.9407562,115.862291
3/45-47 Stuart Street,Perth,WA,6000,3/45-47 Stuart Street Perth WA 6000,"$960,000",Jan-21,Unit,3,2,2,251,140,2008,$850pw,May-19,Brendon Habak,-31.9421086,115.855896
100/22 St Georges Terrace,Perth,WA,6000,100/22 St Georges Terrace Perth WA 6000,"$385,000",Dec-20,Apartment,1,1,1,93,67,2009,$500pw,Jan-21,,-31.9564827,115.8638659
22/59 Brewer Street,Perth,WA,6000,22/59 Brewer Street Perth WA 6000,"$435,000",Dec-20,Apartment,2,2,1,126,89,2009,$595pw,Feb-21,,-31.9466263,115.868396
21/378 Beaufort Street,Perth,WA,6000,21/378 Beaufort Street Perth WA 6000,"$420,000",Dec-20,House,2,2,1,95,68,2012,$400pw,Jul-18,,-31.9421489,115.8676567
18/118 Mounts Bay Road,Perth,WA,6000,18/118 Mounts Bay Road Perth WA 6000,"$285,000",Dec-20,Apartment,2,1,1,97,76,1999,$415pw,Jun-17,,-31.9552607,115.8477979
123 Glendower Street,Perth,WA,6000,123 Glendower Street Perth WA 6000,"$975,000",Dec-20,House,4,2,2,278,161,1900,,,Matt Seabrook,-31.93808,115.85876
22/132 Terrace Road,Perth,WA,6000,22/132 Terrace Road Perth WA 6000,"$658,000",Dec-20,Apartment,2,2,2,135,89,2007,$680pw,May-16,,-31.959182,115.8655845
15a/120-122 Lake Street,Perth,WA,6000,15a/120-122 Lake Street Perth WA 6000,"$360,000",Dec-20,Apartment,2,1,1,109,83,1994,,,Nik Zounis,-31.9447634,115.8592993
159/369 Hay Street,Perth,WA,6000,159/369 Hay Street Perth WA 6000,"$470,000",Dec-20,Apartment,2,2,2,137,77,2009,$675pw,Oct-14,,-31.9574465,115.867509
3 Brookman Street,Perth,WA,6000,3 Brookman Street Perth WA 6000,"$895,000",Dec-20,House,4,1,1,301,135,1920,,,,-31.9444071,115.8604936
4/838 Hay Street,Perth,WA,6000,4/838 Hay Street Perth WA 6000,"$290,000",Dec-20,Apartment,1,1,0,63,59,1999,$300pw,Feb-20,,-31.9525626,115.8544407
6/10 Smith Street,Perth,WA,6000,6/10 Smith Street Perth WA 6000,"$380,000",Dec-20,Apartment,2,2,2,89,66,1925,$350pw,Dec-16,,-31.9432903,115.8704985
12/369 Hay Street,Perth,WA,6000,12/369 Hay Street Perth WA 6000,"$410,000",Dec-20,Apartment,2,2,1,120,75,2009,$420pw,Oct-16,,-31.9574465,115.867509
167 Lake Street,Perth,WA,6000,167 Lake Street Perth WA 6000,"$1,825,000",Dec-20,House,5,2,1,369,309,1902,,,,-31.9429874,115.8595106
79 Glendower Street,Perth,WA,6000,79 Glendower Street Perth WA 6000,"$1,350,000",Dec-20,House,3,3,1,197,156,1982,$800pw,Sep-11,,-31.9390236,115.8610182
206A Bulwer Street,Perth,WA,6000,206A Bulwer Street Perth WA 6000,"$680,500",Nov-20,House,3,2,2,236,160,1996,$410pw,Apr-17,,-31.94027,115.86261
19/34 Palmerston Street,Perth,WA,6000,19/34 Palmerston Street Perth WA 6000,"$650,000",Nov-20,Unit,2,2,2,198,151,1999,$520pw,Nov-18,,-31.9438988,115.8577122
33/369 Hay Street,Perth,WA,6000,33/369 Hay Street Perth WA 6000,"$500,000",Nov-20,Unit,3,2,2,158,99,2009,$530pw,Mar-21,,-31.9574465,115.867509
14 Hope Street,Perth,WA,6000,14 Hope Street Perth WA 6000,"$790,000",Nov-20,House,2,1,2,409,131,1930,,,Nadija Begovich,-31.9419271,115.8593044
2816/380 Murray Street,Perth,WA,6000,2816/380 Murray Street Perth WA 6000,"$900,000",Nov-20,Apartment,3,2,0,144,88,2020,,,,-31.9511862,115.8542076
62/4 Bulwer Street,Perth,WA,6000,62/4 Bulwer Street Perth WA 6000,"$230,000",Nov-20,Unit,2,1,1,49,49,1970,$310pw,Oct-17,,-31.9443296,115.8723
28/152 Fitzgerald Street,Perth,WA,6000,28/152 Fitzgerald Street Perth WA 6000,"$387,500",Nov-20,Apartment,2,1,1,93,61,2016,,,,-31.94196,115.8553
98/996 Hay Street,Perth,WA,6000,98/996 Hay Street Perth WA 6000,"$375,000",Nov-20,Apartment,2,1,1,108,73,2006,$400pw,Oct-18,,-31.9510341,115.8502355
5D/811 Hay Street,Perth,WA,6000,5D/811 Hay Street Perth WA 6000,"$260,000",Nov-20,Apartment,2,1,0,79,66,2001,$520pw,Jul-14,,-31.9531058,115.8553788
98/215 Stirling Street,Perth,WA,6000,98/215 Stirling Street Perth WA 6000,"$280,000",Nov-20,Apartment,1,1,1,84,78,2013,$350pw,Oct-19,,-31.9455554,115.8664865
154A Lake Street,Perth,WA,6000,154A Lake Street Perth WA 6000,"$712,500",Nov-20,House,3,2,2,190,125,1995,$595pw,Apr-17,,-31.9437627,115.8595489
247 Lake Street,Perth,WA,6000,247 Lake Street Perth WA 6000,"$1,080,000",Nov-20,House,2,2,2,323,162,2003,,,,-31.93987,115.86154
98/101 Murray Street,Perth,WA,6000,98/101 Murray Street Perth WA 6000,"$455,000",Nov-20,Apartment,2,2,1,85,71,2011,$550pw,Nov-15,,-31.9542262,115.8620192
7/117 Lake Street,Perth,WA,6000,7/117 Lake Street Perth WA 6000,"$500,000",Nov-20,Townhouse,2,2,1,114,92,2000,,,,-31.9445343,115.8585997
3/478 William Street,Perth,WA,6000,3/478 William Street Perth WA 6000,"$485,000",Nov-20,Apartment,3,2,2,169,119,2008,$520pw,Aug-18,,-31.94126,115.8638444
104/15 Aberdeen Street,Perth,WA,6000,104/15 Aberdeen Street Perth WA 6000,"$409,000",Nov-20,Apartment,2,2,1,101,72,2014,$460pw,Sep-16,,-31.949662,115.8652097
9 Dangan Street,Perth,WA,6000,9 Dangan Street Perth WA 6000,"$820,000",Nov-20,House,3,2,2,357,102,1920,,,,-31.9405723,115.8599629
86/262 Lord Street,Perth,WA,6000,86/262 Lord Street Perth WA 6000,"$530,000",Nov-20,Apartment,3,2,2,142,92,2014,$520pw,Nov-16,,-31.9454232,115.8729706
2/128 Mounts Bay Road,Perth,WA,6000,2/128 Mounts Bay Road Perth WA 6000,"$302,000",Nov-20,Apartment,1,1,1,121,87,2001,$380pw,Sep-20,,-31.9560448,115.8469777
28/369 Hay Street,Perth,WA,6000,28/369 Hay Street Perth WA 6000,"$410,000",Oct-20,Apartment,2,2,1,111,78,2009,,,,-31.9574465,115.867509
16/580 Hay Street,Perth,WA,6000,16/580 Hay Street Perth WA 6000,"$470,000",Oct-20,Apartment,2,2,1,142,100,2011,$520pw,May-20,,-31.9546333,115.8609102
19/124 Mounts Bay Road,Perth,WA,6000,19/124 Mounts Bay Road Perth WA 6000,"$520,000",Oct-20,Apartment,3,2,1,158,120,2006,$600pw,Nov-18,,-31.95579,115.8476015
28 Myrtle Street,Perth,WA,6000,28 Myrtle Street Perth WA 6000,"$805,000",Oct-20,House,2,1,3,602,115,1982,$550pw,May-16,,-31.93924,115.85813
609/130A Mounts Bay Road,Perth,WA,6000,609/130A Mounts Bay Road Perth WA 6000,"$189,000",Oct-20,Apartment,1,1,0,38,38,1962,$300pw,Oct-20,,-31.95607,115.8465
39/120-122 Lake Street,Perth,WA,6000,39/120-122 Lake Street Perth WA 6000,"$330,000",Oct-20,Apartment,2,1,1,101,76,1994,,,,-31.9447634,115.8592993
27/132 Terrace Road,Perth,WA,6000,27/132 Terrace Road Perth WA 6000,"$780,000",Oct-20,Apartment,3,2,2,182,110,2007,$650pw,Aug-20,Peter Wright,-31.959182,115.8655845
5/152 Fitzgerald Street,Perth,WA,6000,5/152 Fitzgerald Street Perth WA 6000,"$374,000",Oct-20,Apartment,2,1,1,90,61,2016,$400pw,Aug-17,,-31.94196,115.8553
41/101 Murray Street,Perth,WA,6000,41/101 Murray Street Perth WA 6000,"$270,000",Oct-20,Apartment,1,1,1,45,45,2011,$370pw,Jan-21,,-31.9542262,115.8620192
12 Lane Street,Perth,WA,6000,12 Lane Street Perth WA 6000,"$780,000",Oct-20,House,3,1,2,351,334,1930,$480pw,Aug-14,,-31.9427099,115.8644867
89/250 Beaufort Street,Perth,WA,6000,89/250 Beaufort Street Perth WA 6000,"$342,000",Oct-20,Apartment,2,1,1,129,71,2006,$460pw,Jan-21,,-31.9452003,115.8655478
18/150 Stirling Street,Perth,WA,6000,18/150 Stirling Street Perth WA 6000,"$310,000",Oct-20,Apartment,2,1,1,146,83,2006,$350pw,Jul-18,,-31.9478096,115.8656235
909/305 Murray Street,Perth,WA,6000,909/305 Murray Street Perth WA 6000,"$262,500",Oct-20,Apartment,1,1,1,81,63,2003,$360pw,Jan-20,,-31.9524313,115.8565664
12/71 Brewer Street,Perth,WA,6000,12/71 Brewer Street Perth WA 6000,"$420,000",Oct-20,Apartment,2,2,1,114,78,2016,$390pw,Nov-17,,-31.9461003,115.8673925
6 Edith Street,Perth,WA,6000,6 Edith Street Perth WA 6000,"$700,000",Oct-20,Townhouse,4,2,2,224,166,1999,$750pw,Jul-17,Sven Robertson,-31.9409606,115.8627559
85/33 Newcastle Street,Perth,WA,6000,85/33 Newcastle Street Perth WA 6000,"$305,000",Oct-20,Apartment,1,1,1,67,51,2016,$365pw,Jun-17,,-31.9493657,115.8675015
37/250 Beaufort Street,Perth,WA,6000,37/250 Beaufort Street Perth WA 6000,"$290,000",Oct-20,Apartment,1,1,1,78,52,2005,$320pw,Jun-19,,-31.9452003,115.8655478
4/71 Brewer Street,Perth,WA,6000,4/71 Brewer Street Perth WA 6000,"$400,000",Oct-20,Apartment,2,2,1,100,72,2016,$440pw,Dec-18,,-31.9461003,115.8673925
2916/380 Murray Street,Perth,WA,6000,2916/380 Murray Street Perth WA 6000,"$910,000",Oct-20,Apartment,3,2,2,147,88,2020,$895pw,Jan-21,,-31.9511862,115.8542076
2912/380 Murray Street,Perth,WA,6000,2912/380 Murray Street Perth WA 6000,"$880,000",Oct-20,Apartment,3,2,2,147,88,2020,$895pw,Jan-21,,-31.9511862,115.8542076
611/380 Murray Street,Perth,WA,6000,611/380 Murray Street Perth WA 6000,"$490,000",Oct-20,Apartment,2,1,1,82,58,2020,,,,-31.9511862,115.8542076
23 Knebworth Avenue,Perth,WA,6000,23 Knebworth Avenue Perth WA 6000,"$735,000",Oct-20,House,2,1,0,264,113,1925,$500pw,May-20,Rob Edwards,-31.9405591,115.864734
610/2 St Georges Terrace,Perth,WA,6000,610/2 St Georges Terrace Perth WA 6000,"$324,000",Sep-20,Apartment,1,1,1,90,68,2002,$420pw,May-19,,-31.95712,115.86532
10/10 Wright Street,Perth,WA,6000,10/10 Wright Street Perth WA 6000,"$447,500",Sep-20,Townhouse,2,1,1,62,62,1979,$460pw,Jun-13,,-31.9439724,115.8719309
4B Stuart Street,Perth,WA,6000,4B Stuart Street Perth WA 6000,"$680,000",Sep-20,House,3,1,1,172,103,1989,$450pw,Apr-20,,-31.94316,115.8593
81/22 St Georges Terrace,Perth,WA,6000,81/22 St Georges Terrace Perth WA 6000,"$585,000",Sep-20,House,2,2,1,120,90,2009,$650pw,Oct-20,,-31.9564827,115.8638659
1013/380 Murray Street,Perth,WA,6000,1013/380 Murray Street Perth WA 6000,"$399,950",Sep-20,Apartment,1,1,0,73,44,2020,,,,-31.9511862,115.8542076
127/369 Hay Street,Perth,WA,6000,127/369 Hay Street Perth WA 6000,"$325,000",Sep-20,,1,1,1,83,50,2009,$410pw,Dec-20,,-31.9574465,115.867509
M13/811 Hay Street,Perth,WA,6000,M13/811 Hay Street Perth WA 6000,"$260,000",Sep-20,Apartment,1,1,0,60,54,2001,$400pw,Dec-14,,-31.9531058,115.8553788
52/101 Murray Street,Perth,WA,6000,52/101 Murray Street Perth WA 6000,"$265,000",Sep-20,House,1,1,1,46,46,2011,$360pw,Jan-18,,-31.9542262,115.8620192
132/250 Beaufort Street,Perth,WA,6000,132/250 Beaufort Street Perth WA 6000,"$341,000",Sep-20,Apartment,2,1,1,98,72,2006,,,,-31.9452003,115.8655478
100/101 Murray Street,Perth,WA,6000,100/101 Murray Street Perth WA 6000,"$330,000",Aug-20,Apartment,1,1,1,70,61,2011,$450pw,Jan-19,,-31.9542262,115.8620192
25/569 Wellington Street,Perth,WA,6000,25/569 Wellington Street Perth WA 6000,"$480,000",Aug-20,Apartment,2,1,1,125,98,2001,$450pw,Nov-18,,-31.9510977,115.8561876
8/133 Lincoln Street,Perth,WA,6000,8/133 Lincoln Street Perth WA 6000,"$260,000",Aug-20,Apartment,2,1,1,55,55,1970,$285pw,Apr-20,,-31.9412322,115.8675873
504/12 Victoria Avenue,Perth,WA,6000,504/12 Victoria Avenue Perth WA 6000,"$210,000",Aug-20,Apartment,1,1,0,61,54,1900,$395pw,Mar-20,,-31.9569067,115.86597
25 Moir Street,Perth,WA,6000,25 Moir Street Perth WA 6000,"$784,000",Aug-20,House,3,1,1,278,113,1920,$470pw,Jan-19,,-31.9430712,115.8605024
67/418 Murray Street,Perth,WA,6000,67/418 Murray Street Perth WA 6000,"$346,000",Aug-20,Apartment,2,1,1,92,69,2005,,,,-31.9508929,115.8533099
193 Lake Street,Perth,WA,6000,193 Lake Street Perth WA 6000,"$820,000",Aug-20,House,3,1,0,273,90,1920,,,,-31.9422,115.86
5/168 Mounts Bay Road,Perth,WA,6000,5/168 Mounts Bay Road Perth WA 6000,"$1,435,000",Aug-20,Apartment,3,2,4,265,265,1982,,,,-31.9595856,115.8453833
1-5/55 Gladstone Street,Perth,WA,6000,1-5/55 Gladstone Street Perth WA 6000,"$1,220,000",Aug-20,House,1,1,1,110,80,1999,,,,-31.9467168,115.8720695
8/262 Lord Street,Perth,WA,6000,8/262 Lord Street Perth WA 6000,"$440,000",Aug-20,Apartment,2,2,1,167,77,2014,$485pw,Jun-16,,-31.9454232,115.8729706
33/67 Brewer Street,Perth,WA,6000,33/67 Brewer Street Perth WA 6000,"$425,000",Aug-20,Apartment,2,2,1,112,112,2016,$410pw,Sep-18,,-31.94627,115.8677
1503/105 Stirling Street,Perth,WA,6000,1503/105 Stirling Street Perth WA 6000,"$530,000",Aug-20,Apartment,2,2,2,116,90,2017,,,,-31.949025,115.8638405
5/478 William Street,Perth,WA,6000,5/478 William Street Perth WA 6000,"$452,800",Aug-20,Apartment,3,2,2,150,109,2008,$625pw,Dec-12,,-31.94126,115.8638444
9/67 BREWER Street,Perth,WA,6000,9/67 BREWER Street Perth WA 6000,"$275,000",Aug-20,Apartment,1,1,1,68,63,2016,,,,-31.94627,115.8677
1/10 Pendal Lane,Perth,WA,6000,1/10 Pendal Lane Perth WA 6000,"$359,000",Aug-20,Apartment,2,2,1,96,90,2003,$470pw,Jun-10,,-31.9432751,115.8560119
93/101 Murray Street,Perth,WA,6000,93/101 Murray Street Perth WA 6000,"$333,000",Aug-20,Apartment,1,1,1,70,61,2011,$500pw,Nov-17,,-31.9542262,115.8620192
22/150 Stirling Street,Perth,WA,6000,22/150 Stirling Street Perth WA 6000,"$278,000",Aug-20,Apartment,1,1,1,146,82,2006,$340pw,Jul-20,,-31.9478096,115.8656235
1805/237 Adelaide Terrace,Perth,WA,6000,1805/237 Adelaide Terrace Perth WA 6000,"$500,000",Aug-20,Apartment,2,2,1,110,78,2011,$500pw,Nov-19,,-31.9584671,115.8667534
1/33 Windsor Street,Perth,WA,6000,1/33 Windsor Street Perth WA 6000,"$360,000",Jul-20,Apartment,2,2,1,97,56,2016,$360pw,Mar-20,,-31.94432,115.87452
2a Randell Street,Perth,WA,6000,2a Randell Street Perth WA 6000,"$775,000",Jul-20,House,4,3,3,760,321,1996,,,,-31.9400314,115.8590018
1D/811 Hay Street,Perth,WA,6000,1D/811 Hay Street Perth WA 6000,"$310,000",Jul-20,Apartment,2,1,0,117,66,2001,,,,-31.9531058,115.8553788
56/34 Palmerston Street,Perth,WA,6000,56/34 Palmerston Street Perth WA 6000,"$505,000",Jul-20,Townhouse,2,2,1,196,132,1999,,,,-31.9438988,115.8577122
166 Lake Street,Perth,WA,6000,166 Lake Street Perth WA 6000,"$1,000,000",Jul-20,House,3,2,1,197,188,1897,,,Daniel Porcaro,-31.9433325,115.8599602
14/130 Terrace Road,Perth,WA,6000,14/130 Terrace Road Perth WA 6000,"$320,000",Jul-20,Apartment,2,1,1,67,67,1956,$360pw,Mar-21,,-31.9594427,115.8659238
83/250 Beaufort Street,Perth,WA,6000,83/250 Beaufort Street Perth WA 6000,"$385,000",Jul-20,Apartment,2,2,2,119,83,2005,$425pw,Jul-18,,-31.9452003,115.8655478
10 Church Street,Perth,WA,6000,10 Church Street Perth WA 6000,"$810,000",Jun-20,House,3,2,1,144,,2016,$610pw,Aug-17,Michael Mort,-31.94362,115.8585
8/418-428 Murray Street,Perth,WA,6000,8/418-428 Murray Street Perth WA 6000,"$315,000",Jun-20,Unit,2,1,1,144,130,2006,$595pw,Jan-13,,-31.9507302,115.8533964
29/101 Murray Street,Perth,WA,6000,29/101 Murray Street Perth WA 6000,"$620,000",Jun-20,Apartment,3,2,2,164,128,2011,,,Peter Wright,-31.9542262,115.8620192
16/448 Murray Street,Perth,WA,6000,16/448 Murray Street Perth WA 6000,"$335,000",Jun-20,Apartment,2,1,1,90,70,2005,$450pw,Jan-16,,-31.9506456,115.8525923
50/378 Beaufort Street,Perth,WA,6000,50/378 Beaufort Street Perth WA 6000,"$306,000",Jun-20,Apartment,1,1,1,82,59,2012,$420pw,Oct-16,,-31.9421489,115.8676567
120/580 Hay Street,Perth,WA,6000,120/580 Hay Street Perth WA 6000,"$450,000",Jun-20,Apartment,1,1,1,134,82,2011,$550pw,Feb-20,,-31.9546333,115.8609102
16 Robinson Avenue,Perth,WA,6000,16 Robinson Avenue Perth WA 6000,"$760,000",Jun-20,House,3,2,2,305,116,1993,"$39,950pw",Jan-17,,-31.9442642,115.8640398
14/45-47 Stuart Street,Perth,WA,6000,14/45-47 Stuart Street Perth WA 6000,"$735,000",Jun-20,Townhouse,3,2,2,243,,2008,$750pw,Jun-13,,-31.9421086,115.855896
94/132 Terrace Road,Perth,WA,6000,94/132 Terrace Road Perth WA 6000,"$650,000",Jun-20,Apartment,2,2,2,150,91,2007,,,,-31.959182,115.8655845
4/418-428 Murray Street,Perth,WA,6000,4/418-428 Murray Street Perth WA 6000,"$320,000",May-20,Apartment,2,1,1,124,72,2005,$395pw,Oct-18,,-31.9507302,115.8533964
4/82 King Street,Perth,WA,6000,4/82 King Street Perth WA 6000,"$585,000",May-20,Apartment,2,2,1,180,150,2003,$570pw,Jan-12,,-31.9509715,115.8557577
62/101 Murray Street,Perth,WA,6000,62/101 Murray Street Perth WA 6000,"$290,000",May-20,Apartment,1,1,1,61,53,2011,$530pw,Dec-11,,-31.9542262,115.8620192
6/207 Bulwer Street,Perth,WA,6000,6/207 Bulwer Street Perth WA 6000,"$415,000",May-20,Apartment,2,1,1,111,78,2004,,,,-31.9407485,115.8623077
11/75 Glendower Street,Perth,WA,6000,11/75 Glendower Street Perth WA 6000,"$290,000",May-20,Apartment,2,1,1,63,60,1967,$330pw,Jan-21,,-31.93913,115.86126
2418/380 Murray Street,Perth,WA,6000,2418/380 Murray Street Perth WA 6000,"$393,000",May-20,Apartment,1,1,0,50,35,2020,$420pw,Nov-20,,-31.9511862,115.8542076
58/580 Hay Street,Perth,WA,6000,58/580 Hay Street Perth WA 6000,"$810,000",May-20,Apartment,3,2,2,196,116,2011,$820pw,Aug-16,Cherry Li,-31.9546333,115.8609102
27 Lane Street,Perth,WA,6000,27 Lane Street Perth WA 6000,"$615,000",Apr-20,House,2,1,0,378,79,1918,,,,-31.9420538,115.864526
12/580 Hay Street,Perth,WA,6000,12/580 Hay Street Perth WA 6000,"$525,000",Apr-20,Apartment,2,2,1,175,102,2011,$580pw,Sep-19,,-31.9546333,115.8609102
30 Randell Street,Perth,WA,6000,30 Randell Street Perth WA 6000,"$715,000",Apr-20,House,2,1,0,291,87,1955,,,,-31.939615,115.8580336
44/250 Beaufort Street,Perth,WA,6000,44/250 Beaufort Street Perth WA 6000,"$415,000",Apr-20,Apartment,2,2,2,122,80,2005,$590pw,Aug-13,,-31.9452003,115.8655478
19/65 Palmerston Street,Perth,WA,6000,19/65 Palmerston Street Perth WA 6000,"$575,000",Apr-20,Townhouse,3,2,2,378,118,2000,$480pw,Nov-18,,-31.9431166,115.8571209
23/22 St Georges Terrace,Perth,WA,6000,23/22 St Georges Terrace Perth WA 6000,"$453,000",Apr-20,Apartment,2,2,1,120,91,2009,$750pw,Aug-12,,-31.9564827,115.8638659
49/229 Adelaide Terrace,Perth,WA,6000,49/229 Adelaide Terrace Perth WA 6000,"$319,000",Apr-20,Unit,1,1,1,905,62,2008,,,,-31.9587233,115.8674744
181/369 Hay Street,Perth,WA,6000,181/369 Hay Street Perth WA 6000,"$440,000",Apr-20,Apartment,2,2,2,136,77,2009,$420pw,Apr-20,,-31.9574465,115.867509
10 Robinson Avenue,Perth,WA,6000,10 Robinson Avenue Perth WA 6000,"$880,000",Apr-20,House,2,2,2,241,174,1995,$550pw,Oct-18,Claude Iaconi,-31.9442908,115.8642977
1/10 Wright Street,Perth,WA,6000,1/10 Wright Street Perth WA 6000,"$355,000",Apr-20,Townhouse,2,1,1,62,62,1979,$340pw,Oct-18,,-31.9403824,115.8737132
4/54 Cheriton Street,Perth,WA,6000,4/54 Cheriton Street Perth WA 6000,"$550,000",Apr-20,Apartment,2,2,2,163,102,2013,$480pw,Dec-18,,-31.9459023,115.8746553
11/32 Fielder Street,Perth,WA,6000,11/32 Fielder Street Perth WA 6000,"$450,000",Apr-20,Apartment,2,2,2,123,84,2008,,,,-31.9507574,115.8733864
26/69 Milligan Street,Perth,WA,6000,26/69 Milligan Street Perth WA 6000,"$405,000",Apr-20,Apartment,2,2,1,121,79,2009,$385pw,May-17,,-31.9498149,115.8522226
60/580 Hay Street,Perth,WA,6000,60/580 Hay Street Perth WA 6000,"$600,000",Mar-20,Unit,2,2,2,141,78,2011,,,,-31.9546333,115.8609102
11/2 Braid Street,Perth,WA,6000,11/2 Braid Street Perth WA 6000,"$450,000",Mar-20,Apartment,2,2,2,870,104,2008,$550pw,Feb-19,Mary Parker,-31.949183,115.8679775
66b Robinson Avenue,Perth,WA,6000,66b Robinson Avenue Perth WA 6000,"$775,000",Mar-20,House,3,1,2,305,120,1991,,,Claude Iaconi,-31.9432206,115.8615884
106/580 Hay Street,Perth,WA,6000,106/580 Hay Street Perth WA 6000,"$425,000",Mar-20,Apartment,1,1,1,120,82,2011,$520pw,Jan-19,,-31.9546333,115.8609102
14/122 Mounts Bay Road,Perth,WA,6000,14/122 Mounts Bay Road Perth WA 6000,"$365,000",Mar-20,Apartment,2,2,1,102,80,2002,,,,-31.9554372,115.8474284
47/418 Murray Street,Perth,WA,6000,47/418 Murray Street Perth WA 6000,"$365,000",Mar-20,Apartment,2,1,1,93,69,2005,$390pw,Mar-20,,-31.9508929,115.8533099
202/126 Mounts Bay Road,Perth,WA,6000,202/126 Mounts Bay Road Perth WA 6000,"$220,000",Mar-20,Apartment,2,1,1,57,51,2005,,,,-31.9561969,115.8471256
29/76 Newcastle Street,Perth,WA,6000,29/76 Newcastle Street Perth WA 6000,"$285,000",Mar-20,Apartment,1,1,1,83,52,2007,$320pw,Jun-18,,-31.9483716,115.8660856
6/150 Stirling Street,Perth,WA,6000,6/150 Stirling Street Perth WA 6000,"$299,000",Mar-20,Apartment,1,1,1,99,69,2006,$320pw,Jun-19,,-31.9478096,115.8656235
207/112 Mounts Bay Road,Perth,WA,6000,207/112 Mounts Bay Road Perth WA 6000,"$240,000",Mar-20,Apartment,1,1,1,68,50,1998,$390pw,Sep-16,,-31.9549066,115.8482831
16/250 Beaufort Street,Perth,WA,6000,16/250 Beaufort Street Perth WA 6000,"$345,000",Mar-20,Apartment,2,1,1,116,72,2005,$390pw,Jul-10,,-31.9452003,115.8655478
9/82 King Street,Perth,WA,6000,9/82 King Street Perth WA 6000,"$480,000",Mar-20,Apartment,1,2,0,100,100,2003,$550pw,Apr-17,,-31.9509715,115.8557577
66/69 Milligan Street,Perth,WA,6000,66/69 Milligan Street Perth WA 6000,"$435,000",Mar-20,Apartment,2,2,1,117,79,2009,$500pw,Feb-19,,-31.9498149,115.8522226
81/580 Hay Street,Perth,WA,6000,81/580 Hay Street Perth WA 6000,"$605,000",Mar-20,Apartment,2,2,2,149,95,2011,$700pw,Jan-20,,-31.9546333,115.8609102
68/154 Newcastle Street,Perth,WA,6000,68/154 Newcastle Street Perth WA 6000,"$460,000",Mar-20,Apartment,2,2,1,110,75,2009,"$1,000pw",Jun-12,,-31.9471039,115.8637289
217 Brisbane Street,Perth,WA,6000,217 Brisbane Street Perth WA 6000,"$770,000",Mar-20,House,2,1,1,219,75,1940,$550pw,Apr-20,,-31.9416256,115.8599282
5/18 Robinson Avenue,Perth,WA,6000,5/18 Robinson Avenue Perth WA 6000,"$765,000",Feb-20,Townhouse,3,2,2,212,138,2002,,,,-31.9442746,115.8638426
18/145 Newcastle Street,Perth,WA,6000,18/145 Newcastle Street Perth WA 6000,"$455,000",Feb-20,Apartment,3,2,1,159,102,2009,$550pw,Feb-19,,-31.9468953,115.8618461
516/380 Murray Street,Perth,WA,6000,516/380 Murray Street Perth WA 6000,"$401,000",Feb-20,Apartment,1,1,0,71,44,2020,$450pw,Dec-20,,-31.9511862,115.8542076
226 Brisbane Street,Perth,WA,6000,226 Brisbane Street Perth WA 6000,"$620,000",Feb-20,House,2,1,1,490,113,1983,,,,-31.9411068,115.8597434
4E/811 Hay Street,Perth,WA,6000,4E/811 Hay Street Perth WA 6000,"$215,000",Feb-20,House,1,1,0,868,41,2001,$300pw,Dec-20,,-31.9531058,115.8553788
44/122 Mounts Bay Road,Perth,WA,6000,44/122 Mounts Bay Road Perth WA 6000,"$408,000",Feb-20,Apartment,2,2,1,194,,2002,,,John Tognolini,-31.9554372,115.8474284
59/418 Murray Street,Perth,WA,6000,59/418 Murray Street Perth WA 6000,"$311,000",Feb-20,Apartment,2,1,1,93,69,2005,,,,-31.9508929,115.8533099
43 West Parade,Perth,WA,6000,43 West Parade Perth WA 6000,"$620,000",Feb-20,House,2,1,3,233,101,1920,$395pw,Jun-17,,-31.9430639,115.8761363
9/569 Wellington Street,Perth,WA,6000,9/569 Wellington Street Perth WA 6000,"$560,000",Feb-20,Apartment,2,2,1,132,105,2001,,,,-31.9510977,115.8561876
1416/380 Murray Street,Perth,WA,6000,1416/380 Murray Street Perth WA 6000,"$461,000",Feb-20,Apartment,1,1,1,72,43,2020,$485pw,Jul-20,,-31.9511862,115.8542076
905/380 Murray Street,Perth,WA,6000,905/380 Murray Street Perth WA 6000,"$417,000",Feb-20,Apartment,1,1,0,71,44,2020,,,,-31.9511862,115.8542076
806/380 Murray Street,Perth,WA,6000,806/380 Murray Street Perth WA 6000,"$414,000",Feb-20,Apartment,1,1,0,71,44,2020,,,,-31.9511862,115.8542076
1514/380 Murray Street,Perth,WA,6000,1514/380 Murray Street Perth WA 6000,"$602,000",Feb-20,Apartment,2,1,1,87,59,2020,$550pw,Apr-20,,-31.9511862,115.8542076
2/296 Newcastle Street,Perth,WA,6000,2/296 Newcastle Street Perth WA 6000,"$420,000",Feb-20,Apartment,2,2,1,116,97,2005,,,,-31.9443215,115.8575017
34/124 Terrace Road,Perth,WA,6000,34/124 Terrace Road Perth WA 6000,"$190,000",Feb-20,Unit,1,1,0,35,33,1960,$195pw,Oct-19,,-31.9594428,115.866608
21/128 Mounts Bay Road,Perth,WA,6000,21/128 Mounts Bay Road Perth WA 6000,"$515,000",Feb-20,Apartment,3,2,2,159,107,2001,,,,-31.9561591,115.8470469
35/152 Fitzgerald Street,Perth,WA,6000,35/152 Fitzgerald Street Perth WA 6000,"$420,000",Jan-20,Apartment,2,2,1,124,85,2016,$430pw,Nov-17,,-31.94196,115.8553
180/471 Hay Street,Perth,WA,6000,180/471 Hay Street Perth WA 6000,"$660,000",Jan-20,Apartment,3,2,2,177,127,2009,$680pw,Sep-20,,-31.9560825,115.8641448
119 Summers Street,Perth,WA,6000,119 Summers Street Perth WA 6000,"$830,000",Jan-20,House,3,1,0,506,125,1900,,,,-31.9453239,115.8744723
1906/105 Stirling Street,Perth,WA,6000,1906/105 Stirling Street Perth WA 6000,"$535,000",Jan-20,Apartment,2,2,2,122,96,2017,,,,-31.949025,115.8638405
2/10 Smith Street,Perth,WA,6000,2/10 Smith Street Perth WA 6000,"$359,000",Jan-20,Apartment,1,1,1,93,58,1925,$350pw,Jan-19,,-31.9432903,115.8704985
V808/9 Victoria Avenue,Perth,WA,6000,V808/9 Victoria Avenue Perth WA 6000,"$275,000",Jan-20,Apartment,1,1,1,,52,2002,$340pw,Jan-21,,-31.9570853,115.8654409
63/128 Mounts Bay Road,Perth,WA,6000,63/128 Mounts Bay Road Perth WA 6000,"$600,000",Jan-20,Apartment,3,2,2,159,107,2001,$720pw,May-16,,-31.9561591,115.8470469
200 Bulwer Street,Perth,WA,6000,200 Bulwer Street Perth WA 6000,"$940,000",Jan-20,House,2,1,1,408,125,1935,,,,-31.9404358,115.8628741
511/126 Mounts Bay Road,Perth,WA,6000,511/126 Mounts Bay Road Perth WA 6000,"$280,000",Jan-20,Apartment,1,1,1,71,51,2001,,,,-31.9561886,115.8471018
32 Wade Street,Perth,WA,6000,32 Wade Street Perth WA 6000,"$710,000",Jan-20,House,3,1,1,304,124,1935,,,,-31.9420179,115.8641679
55/76 Newcastle Street,Perth,WA,6000,55/76 Newcastle Street Perth WA 6000,"$182,000",Jan-20,Apartment,1,1,1,98,61,2007,,,,-31.9483716,115.8660856
16 Hope Street,Perth,WA,6000,16 Hope Street Perth WA 6000,"$845,000",Jan-20,House,3,1,2,403,129,1930,$380pw,Aug-09,Nadija Begovich,-31.94166,115.8589
1506/105 Stirling Street,Perth,WA,6000,1506/105 Stirling Street Perth WA 6000,"$520,000",Jan-20,Apartment,2,2,2,122,96,2017,$610pw,Mar-18,,-31.949025,115.8638405
35 Windsor Street,Perth,WA,6000,35 Windsor Street Perth WA 6000,"$1,350,000",Jan-20,House,4,1,3,"1,114",179,1930,,,,-31.9442259,115.8743799
33/375 Hay Street,Perth,WA,6000,33/375 Hay Street Perth WA 6000,"$370,000",Jan-20,Apartment,2,2,1,110,73,2008,$480pw,Apr-16,,-31.9571145,115.8670717
48B Bulwer Street,Perth,WA,6000,48B Bulwer Street Perth WA 6000,"$850,000",Dec-19,Townhouse,3,2,2,261,135,2015,,,,-31.9432757,115.8694234
13/154 Newcastle Street,Perth,WA,6000,13/154 Newcastle Street Perth WA 6000,"$189,000",Dec-19,Apartment,1,1,1,83,57,2009,,,,-31.9471039,115.8637289
10B/811 Hay Street,Perth,WA,6000,10B/811 Hay Street Perth WA 6000,"$255,000",Dec-19,Apartment,1,1,0,59,53,2001,$300pw,Mar-19,,-31.9531058,115.8553788
807/12 Victoria Avenue,Perth,WA,6000,807/12 Victoria Avenue Perth WA 6000,"$180,000",Dec-19,Apartment,1,1,0,28,27,1900,,,,-31.9569067,115.86597
58/369 Hay Street,Perth,WA,6000,58/369 Hay Street Perth WA 6000,"$499,000",Dec-19,Apartment,3,2,2,135,90,2009,$610pw,Dec-17,,-31.9574465,115.867509
108/126 Mounts Bay Road,Perth,WA,6000,108/126 Mounts Bay Road Perth WA 6000,"$220,000",Dec-19,Apartment,1,1,0,59,57,2001,,,,-31.9561886,115.8471018
15/34 Palmerston Street,Perth,WA,6000,15/34 Palmerston Street Perth WA 6000,"$645,000",Dec-19,Townhouse,2,2,1,135,127,1999,,,,-31.9438988,115.8577122
64/128 Mounts Bay Road,Perth,WA,6000,64/128 Mounts Bay Road Perth WA 6000,"$720,000",Dec-19,Apartment,3,2,2,289,152,2001,,,,-31.9561591,115.8470469
14/34 PALMERSTON Street,Perth,WA,6000,14/34 PALMERSTON Street Perth WA 6000,"$630,000",Dec-19,Apartment,2,2,1,153,110,1999,,,,-31.9438988,115.8577122
40/154 Newcastle Street,Perth,WA,6000,40/154 Newcastle Street Perth WA 6000,"$400,000",Dec-19,Apartment,2,2,1,111,76,2009,$600pw,Aug-13,,-31.9471039,115.8637289
22/226 Beaufort Street,Perth,WA,6000,22/226 Beaufort Street Perth WA 6000,"$295,800",Dec-19,Apartment,1,1,1,90,59,2011,,,,-31.9459945,115.8653102
105/22 St Georges Terrace,Perth,WA,6000,105/22 St Georges Terrace Perth WA 6000,"$630,000",Dec-19,Apartment,2,2,1,120,89,2009,$620pw,Aug-18,,-31.9564827,115.8638659
231 Lake Street,Perth,WA,6000,231 Lake Street Perth WA 6000,"$1,070,000",Dec-19,House,4,1,1,617,137,1920,$495pw,Feb-17,,-31.9405795,115.8610719
110/15 Aberdeen Street,Perth,WA,6000,110/15 Aberdeen Street Perth WA 6000,"$285,000",Dec-19,Apartment,1,1,1,78,50,2014,$330pw,Oct-19,,-31.949662,115.8652097
58 Bulwer Street,Perth,WA,6000,58 Bulwer Street Perth WA 6000,"$680,000",Dec-19,House,2,1,2,296,105,1910,$490pw,Aug-18,,-31.9431992,115.8690791
2502/237 Adelaide Terrace,Perth,WA,6000,2502/237 Adelaide Terrace Perth WA 6000,"$1,410,000",Dec-19,Apartment,3,2,2,266,186,2010,$950pw,Sep-19,,-31.9584671,115.8667534
21 Brookman Street,Perth,WA,6000,21 Brookman Street Perth WA 6000,"$660,000",Dec-19,House,3,1,1,304,135,1950,$550pw,Apr-15,,-31.9436877,115.8609473
1/63 Palmerston Street,Perth,WA,6000,1/63 Palmerston Street Perth WA 6000,"$821,000",Dec-19,House,3,2,2,176,185,2000,,,Carlos Lehn,-31.9394,115.8594
5 Pisconeri Street,Perth,WA,6000,5 Pisconeri Street Perth WA 6000,"$850,000",Nov-19,House,3,2,2,272,185,2012,,,Brent Compton,-31.9484549,115.8670586
72/171 St Georges Terrace,Perth,WA,6000,72/171 St Georges Terrace Perth WA 6000,"$450,000",Nov-19,Apartment,3,2,1,975,101,2001,,,Lyndon Rodgers,-31.95428,115.85412
54/76 Newcastle Street,Perth,WA,6000,54/76 Newcastle Street Perth WA 6000,"$445,000",Nov-19,Apartment,2,2,2,156,101,2007,$490pw,Mar-20,,-31.9483716,115.8660856
35/229 Adelaide Terrace,Perth,WA,6000,35/229 Adelaide Terrace Perth WA 6000,"$555,000",Nov-19,Apartment,2,2,2,149,95,2008,$495pw,Nov-19,,-31.9587233,115.8674744
Lot 9 45 Forbes Road,Perth,WA,6000,Lot 9 45 Forbes Road Perth WA 6000,"$625,188",Nov-19,Townhouse,3,2,2,,,1995,,,,-31.9439507,115.8596602
57/580 Hay Street,Perth,WA,6000,57/580 Hay Street Perth WA 6000,"$515,000",Nov-19,Apartment,3,2,1,156,101,2011,$700pw,Aug-14,,-31.9546333,115.8609102
2A/811 HAY STREET,Perth,WA,6000,2A/811 HAY STREET Perth WA 6000,"$240,000",Nov-19,Apartment,1,1,0,60,54,2001,$300pw,Aug-18,,-31.9531058,115.8553788
6/478 William Street,Perth,WA,6000,6/478 William Street Perth WA 6000,"$482,388",Nov-19,Apartment,3,2,2,147,108,2008,$520pw,Aug-18,,-31.94126,115.8638444
22/128 Mounts Bay Road,Perth,WA,6000,22/128 Mounts Bay Road Perth WA 6000,"$729,500",Nov-19,Apartment,3,2,2,287,152,2001,,,,-31.9561591,115.8470469
701/9 Victoria Avenue,Perth,WA,6000,701/9 Victoria Avenue Perth WA 6000,"$275,000",Nov-19,Apartment,1,1,1,74,55,2002,,,,-31.9570853,115.8654409
19/8 James Street,Perth,WA,6000,19/8 James Street Perth WA 6000,"$275,000",Nov-19,House,2,1,1,533,87,1996,$370pw,Apr-17,,-31.95114,115.86443
1205/237 Adelaide Terrace,Perth,WA,6000,1205/237 Adelaide Terrace Perth WA 6000,"$465,000",Nov-19,Apartment,2,2,1,106,78,2010,,,,-31.9584671,115.8667534
5/69 Murray Street,Perth,WA,6000,5/69 Murray Street Perth WA 6000,"$680,000",Nov-19,Apartment,3,1,1,165,51,1995,,,,-31.9494656,115.8483974
3/122 Terrace Road,Perth,WA,6000,3/122 Terrace Road Perth WA 6000,"$205,000",Nov-19,Apartment,1,1,1,36,34,1961,$200pw,Mar-19,,-31.9595615,115.8667094
14/120 Terrace Road,Perth,WA,6000,14/120 Terrace Road Perth WA 6000,"$225,000",Nov-19,Unit,1,1,1,43,43,1960,$290pw,Mar-20,,-31.9596556,115.866848
52/133 Lincoln Street,Perth,WA,6000,52/133 Lincoln Street Perth WA 6000,"$270,000",Nov-19,Apartment,2,1,1,69,69,1970,$310pw,Dec-17,,-31.9412322,115.8675873
112 Bulwer Street,Perth,WA,6000,112 Bulwer Street Perth WA 6000,"$705,000",Nov-19,House,2,1,1,87,91,1900,$580pw,May-21,,-31.9421192,115.8665506
33/280 LORD Street,Perth,WA,6000,33/280 LORD Street Perth WA 6000,"$397,000",Nov-19,Apartment,2,2,2,125,74,2015,$490pw,Jan-19,,-31.9443085,115.8735251
18/369 Hay Street,Perth,WA,6000,18/369 Hay Street Perth WA 6000,"$500,000",Oct-19,Apartment,3,2,2,189,99,2009,,,Realmark Central,-31.957095,115.8671022
